Exp,subject,test,trial,value
Exp1,20160810AT1,Pretest,1,1
Exp1,20160818YK2,Pretest,1,1
Exp1,20160819CT2,Pretest,1,0
Exp1,20160826FM9,Pretest,1,0
Exp1,20160826YI9,Pretest,1,1
Exp1,20160829AK5,Pretest,1,0
Exp1,20160908TN14,Pretest,1,0
Exp1,20160909HS13,Pretest,1,1
Exp1,20160910FM13,Pretest,1,0
Exp1,20170206YO5,Pretest,1,1
Exp1,20170213KK13,Pretest,1,1
Exp1,20170213RK6,Pretest,1,0
Exp1,20170216KT14,Pretest,1,0
Exp1,20170216KE1,Pretest,1,1
Exp1,20170223HY6,Pretest,1,1
Exp1,20170223WT2,Pretest,1,0
Exp1,20170224AS5 ,Pretest,1,1
Exp1,20170227TO10,Pretest,1,0
Exp1,20170227FK9,Pretest,1,0
Exp1,20170309KI14,Pretest,1,1
Exp1,20170309HY6b,Pretest,1,0
Exp1,20170906SH_10,Pretest,1,0
Exp1,20180206MM10,Pretest,1,0
Exp1,20180213SA_01,Pretest,1,0
Exp1,20160810AT1,Pretest,2,1
Exp1,20160818YK2,Pretest,2,1
Exp1,20160819CT2,Pretest,2,0
Exp1,20160826FM9,Pretest,2,0
Exp1,20160826YI9,Pretest,2,1
Exp1,20160829AK5,Pretest,2,1
Exp1,20160908TN14,Pretest,2,1
Exp1,20160909HS13,Pretest,2,0
Exp1,20160910FM13,Pretest,2,0
Exp1,20170206YO5,Pretest,2,0
Exp1,20170213KK13,Pretest,2,0
Exp1,20170213RK6,Pretest,2,1
Exp1,20170216KT14,Pretest,2,1
Exp1,20170216KE1,Pretest,2,1
Exp1,20170223HY6,Pretest,2,0
Exp1,20170223WT2,Pretest,2,0
Exp1,20170224AS5 ,Pretest,2,1
Exp1,20170227TO10,Pretest,2,0
Exp1,20170227FK9,Pretest,2,1
Exp1,20170309KI14,Pretest,2,0
Exp1,20170309HY6b,Pretest,2,1
Exp1,20170906SH_10,Pretest,2,1
Exp1,20180206MM10,Pretest,2,0
Exp1,20180213SA_01,Pretest,2,0
Exp1,20160810AT1,Pretest,3,0
Exp1,20160818YK2,Pretest,3,1
Exp1,20160819CT2,Pretest,3,0
Exp1,20160826FM9,Pretest,3,1
Exp1,20160826YI9,Pretest,3,1
Exp1,20160829AK5,Pretest,3,1
Exp1,20160908TN14,Pretest,3,1
Exp1,20160909HS13,Pretest,3,0
Exp1,20160910FM13,Pretest,3,0
Exp1,20170206YO5,Pretest,3,1
Exp1,20170213KK13,Pretest,3,0
Exp1,20170213RK6,Pretest,3,1
Exp1,20170216KT14,Pretest,3,1
Exp1,20170216KE1,Pretest,3,1
Exp1,20170223HY6,Pretest,3,0
Exp1,20170223WT2,Pretest,3,0
Exp1,20170224AS5 ,Pretest,3,1
Exp1,20170227TO10,Pretest,3,1
Exp1,20170227FK9,Pretest,3,0
Exp1,20170309KI14,Pretest,3,0
Exp1,20170309HY6b,Pretest,3,1
Exp1,20170906SH_10,Pretest,3,0
Exp1,20180206MM10,Pretest,3,0
Exp1,20180213SA_01,Pretest,3,0
Exp1,20160810AT1,Pretest,4,1
Exp1,20160818YK2,Pretest,4,1
Exp1,20160819CT2,Pretest,4,0
Exp1,20160826FM9,Pretest,4,1
Exp1,20160826YI9,Pretest,4,0
Exp1,20160829AK5,Pretest,4,1
Exp1,20160908TN14,Pretest,4,0
Exp1,20160909HS13,Pretest,4,0
Exp1,20160910FM13,Pretest,4,0
Exp1,20170206YO5,Pretest,4,0
Exp1,20170213KK13,Pretest,4,0
Exp1,20170213RK6,Pretest,4,1
Exp1,20170216KT14,Pretest,4,0
Exp1,20170216KE1,Pretest,4,1
Exp1,20170223HY6,Pretest,4,0
Exp1,20170223WT2,Pretest,4,0
Exp1,20170224AS5 ,Pretest,4,0
Exp1,20170227TO10,Pretest,4,0
Exp1,20170227FK9,Pretest,4,1
Exp1,20170309KI14,Pretest,4,0
Exp1,20170309HY6b,Pretest,4,0
Exp1,20170906SH_10,Pretest,4,0
Exp1,20180206MM10,Pretest,4,1
Exp1,20180213SA_01,Pretest,4,1
Exp1,20160810AT1,Pretest,5,1
Exp1,20160818YK2,Pretest,5,1
Exp1,20160819CT2,Pretest,5,1
Exp1,20160826FM9,Pretest,5,1
Exp1,20160826YI9,Pretest,5,1
Exp1,20160829AK5,Pretest,5,0
Exp1,20160908TN14,Pretest,5,1
Exp1,20160909HS13,Pretest,5,0
Exp1,20160910FM13,Pretest,5,0
Exp1,20170206YO5,Pretest,5,0
Exp1,20170213KK13,Pretest,5,0
Exp1,20170213RK6,Pretest,5,1
Exp1,20170216KT14,Pretest,5,1
Exp1,20170216KE1,Pretest,5,0
Exp1,20170223HY6,Pretest,5,0
Exp1,20170223WT2,Pretest,5,1
Exp1,20170224AS5 ,Pretest,5,0
Exp1,20170227TO10,Pretest,5,0
Exp1,20170227FK9,Pretest,5,1
Exp1,20170309KI14,Pretest,5,0
Exp1,20170309HY6b,Pretest,5,0
Exp1,20170906SH_10,Pretest,5,0
Exp1,20180206MM10,Pretest,5,0
Exp1,20180213SA_01,Pretest,5,1
Exp1,20160810AT1,Pretest,6,0
Exp1,20160818YK2,Pretest,6,1
Exp1,20160819CT2,Pretest,6,0
Exp1,20160826FM9,Pretest,6,1
Exp1,20160826YI9,Pretest,6,1
Exp1,20160829AK5,Pretest,6,0
Exp1,20160908TN14,Pretest,6,1
Exp1,20160909HS13,Pretest,6,0
Exp1,20160910FM13,Pretest,6,1
Exp1,20170206YO5,Pretest,6,0
Exp1,20170213KK13,Pretest,6,0
Exp1,20170213RK6,Pretest,6,1
Exp1,20170216KT14,Pretest,6,1
Exp1,20170216KE1,Pretest,6,0
Exp1,20170223HY6,Pretest,6,0
Exp1,20170223WT2,Pretest,6,1
Exp1,20170224AS5 ,Pretest,6,0
Exp1,20170227TO10,Pretest,6,0
Exp1,20170227FK9,Pretest,6,1
Exp1,20170309KI14,Pretest,6,0
Exp1,20170309HY6b,Pretest,6,0
Exp1,20170906SH_10,Pretest,6,0
Exp1,20180206MM10,Pretest,6,1
Exp1,20180213SA_01,Pretest,6,1
Exp1,20160810AT1,Pretest,7,0
Exp1,20160818YK2,Pretest,7,1
Exp1,20160819CT2,Pretest,7,1
Exp1,20160826FM9,Pretest,7,0
Exp1,20160826YI9,Pretest,7,0
Exp1,20160829AK5,Pretest,7,1
Exp1,20160908TN14,Pretest,7,1
Exp1,20160909HS13,Pretest,7,0
Exp1,20160910FM13,Pretest,7,1
Exp1,20170206YO5,Pretest,7,1
Exp1,20170213KK13,Pretest,7,1
Exp1,20170213RK6,Pretest,7,1
Exp1,20170216KT14,Pretest,7,1
Exp1,20170216KE1,Pretest,7,0
Exp1,20170223HY6,Pretest,7,0
Exp1,20170223WT2,Pretest,7,0
Exp1,20170224AS5 ,Pretest,7,0
Exp1,20170227TO10,Pretest,7,0
Exp1,20170227FK9,Pretest,7,1
Exp1,20170309KI14,Pretest,7,0
Exp1,20170309HY6b,Pretest,7,1
Exp1,20170906SH_10,Pretest,7,0
Exp1,20180206MM10,Pretest,7,0
Exp1,20180213SA_01,Pretest,7,1
Exp1,20160810AT1,Pretest,8,1
Exp1,20160818YK2,Pretest,8,0
Exp1,20160819CT2,Pretest,8,0
Exp1,20160826FM9,Pretest,8,1
Exp1,20160826YI9,Pretest,8,1
Exp1,20160829AK5,Pretest,8,0
Exp1,20160908TN14,Pretest,8,0
Exp1,20160909HS13,Pretest,8,0
Exp1,20160910FM13,Pretest,8,0
Exp1,20170206YO5,Pretest,8,0
Exp1,20170213KK13,Pretest,8,1
Exp1,20170213RK6,Pretest,8,1
Exp1,20170216KT14,Pretest,8,1
Exp1,20170216KE1,Pretest,8,1
Exp1,20170223HY6,Pretest,8,1
Exp1,20170223WT2,Pretest,8,0
Exp1,20170224AS5 ,Pretest,8,0
Exp1,20170227TO10,Pretest,8,1
Exp1,20170227FK9,Pretest,8,1
Exp1,20170309KI14,Pretest,8,0
Exp1,20170309HY6b,Pretest,8,0
Exp1,20170906SH_10,Pretest,8,0
Exp1,20180206MM10,Pretest,8,0
Exp1,20180213SA_01,Pretest,8,1
Exp1,20160810AT1,Pretest,9,1
Exp1,20160818YK2,Pretest,9,0
Exp1,20160819CT2,Pretest,9,0
Exp1,20160826FM9,Pretest,9,0
Exp1,20160826YI9,Pretest,9,0
Exp1,20160829AK5,Pretest,9,1
Exp1,20160908TN14,Pretest,9,0
Exp1,20160909HS13,Pretest,9,0
Exp1,20160910FM13,Pretest,9,1
Exp1,20170206YO5,Pretest,9,0
Exp1,20170213KK13,Pretest,9,1
Exp1,20170213RK6,Pretest,9,1
Exp1,20170216KT14,Pretest,9,1
Exp1,20170216KE1,Pretest,9,0
Exp1,20170223HY6,Pretest,9,1
Exp1,20170223WT2,Pretest,9,0
Exp1,20170224AS5 ,Pretest,9,0
Exp1,20170227TO10,Pretest,9,1
Exp1,20170227FK9,Pretest,9,1
Exp1,20170309KI14,Pretest,9,1
Exp1,20170309HY6b,Pretest,9,1
Exp1,20170906SH_10,Pretest,9,1
Exp1,20180206MM10,Pretest,9,0
Exp1,20180213SA_01,Pretest,9,1
Exp1,20160810AT1,Pretest,10,0
Exp1,20160818YK2,Pretest,10,1
Exp1,20160819CT2,Pretest,10,0
Exp1,20160826FM9,Pretest,10,1
Exp1,20160826YI9,Pretest,10,1
Exp1,20160829AK5,Pretest,10,0
Exp1,20160908TN14,Pretest,10,1
Exp1,20160909HS13,Pretest,10,0
Exp1,20160910FM13,Pretest,10,1
Exp1,20170206YO5,Pretest,10,0
Exp1,20170213KK13,Pretest,10,0
Exp1,20170213RK6,Pretest,10,1
Exp1,20170216KT14,Pretest,10,0
Exp1,20170216KE1,Pretest,10,1
Exp1,20170223HY6,Pretest,10,1
Exp1,20170223WT2,Pretest,10,0
Exp1,20170224AS5 ,Pretest,10,0
Exp1,20170227TO10,Pretest,10,1
Exp1,20170227FK9,Pretest,10,0
Exp1,20170309KI14,Pretest,10,0
Exp1,20170309HY6b,Pretest,10,0
Exp1,20170906SH_10,Pretest,10,1
Exp1,20180206MM10,Pretest,10,0
Exp1,20180213SA_01,Pretest,10,1
Exp1,20160810AT1,Posttest,1,1
Exp1,20160818YK2,Posttest,1,1
Exp1,20160819CT2,Posttest,1,1
Exp1,20160826FM9,Posttest,1,1
Exp1,20160826YI9,Posttest,1,1
Exp1,20160829AK5,Posttest,1,1
Exp1,20160908TN14,Posttest,1,0
Exp1,20160909HS13,Posttest,1,1
Exp1,20160910FM13,Posttest,1,0
Exp1,20170206YO5,Posttest,1,1
Exp1,20170213KK13,Posttest,1,1
Exp1,20170213RK6,Posttest,1,1
Exp1,20170216KT14,Posttest,1,0
Exp1,20170216KE1,Posttest,1,1
Exp1,20170223HY6,Posttest,1,1
Exp1,20170223WT2,Posttest,1,1
Exp1,20170224AS5 ,Posttest,1,1
Exp1,20170227TO10,Posttest,1,0
Exp1,20170227FK9,Posttest,1,1
Exp1,20170309KI14,Posttest,1,1
Exp1,20170309HY6b,Posttest,1,0
Exp1,20170906SH_10,Posttest,1,1
Exp1,20180206MM10,Posttest,1,0
Exp1,20180213SA_01,Posttest,1,0
Exp1,20160810AT1,Posttest,2,1
Exp1,20160818YK2,Posttest,2,1
Exp1,20160819CT2,Posttest,2,1
Exp1,20160826FM9,Posttest,2,0
Exp1,20160826YI9,Posttest,2,1
Exp1,20160829AK5,Posttest,2,0
Exp1,20160908TN14,Posttest,2,1
Exp1,20160909HS13,Posttest,2,1
Exp1,20160910FM13,Posttest,2,1
Exp1,20170206YO5,Posttest,2,1
Exp1,20170213KK13,Posttest,2,0
Exp1,20170213RK6,Posttest,2,0
Exp1,20170216KT14,Posttest,2,0
Exp1,20170216KE1,Posttest,2,0
Exp1,20170223HY6,Posttest,2,1
Exp1,20170223WT2,Posttest,2,1
Exp1,20170224AS5 ,Posttest,2,1
Exp1,20170227TO10,Posttest,2,0
Exp1,20170227FK9,Posttest,2,0
Exp1,20170309KI14,Posttest,2,0
Exp1,20170309HY6b,Posttest,2,1
Exp1,20170906SH_10,Posttest,2,0
Exp1,20180206MM10,Posttest,2,1
Exp1,20180213SA_01,Posttest,2,0
Exp1,20160810AT1,Posttest,3,1
Exp1,20160818YK2,Posttest,3,1
Exp1,20160819CT2,Posttest,3,0
Exp1,20160826FM9,Posttest,3,0
Exp1,20160826YI9,Posttest,3,1
Exp1,20160829AK5,Posttest,3,1
Exp1,20160908TN14,Posttest,3,0
Exp1,20160909HS13,Posttest,3,1
Exp1,20160910FM13,Posttest,3,1
Exp1,20170206YO5,Posttest,3,1
Exp1,20170213KK13,Posttest,3,1
Exp1,20170213RK6,Posttest,3,0
Exp1,20170216KT14,Posttest,3,1
Exp1,20170216KE1,Posttest,3,1
Exp1,20170223HY6,Posttest,3,0
Exp1,20170223WT2,Posttest,3,1
Exp1,20170224AS5 ,Posttest,3,1
Exp1,20170227TO10,Posttest,3,0
Exp1,20170227FK9,Posttest,3,0
Exp1,20170309KI14,Posttest,3,0
Exp1,20170309HY6b,Posttest,3,0
Exp1,20170906SH_10,Posttest,3,1
Exp1,20180206MM10,Posttest,3,0
Exp1,20180213SA_01,Posttest,3,1
Exp1,20160810AT1,Posttest,4,0
Exp1,20160818YK2,Posttest,4,1
Exp1,20160819CT2,Posttest,4,1
Exp1,20160826FM9,Posttest,4,1
Exp1,20160826YI9,Posttest,4,1
Exp1,20160829AK5,Posttest,4,1
Exp1,20160908TN14,Posttest,4,1
Exp1,20160909HS13,Posttest,4,0
Exp1,20160910FM13,Posttest,4,0
Exp1,20170206YO5,Posttest,4,1
Exp1,20170213KK13,Posttest,4,1
Exp1,20170213RK6,Posttest,4,0
Exp1,20170216KT14,Posttest,4,1
Exp1,20170216KE1,Posttest,4,1
Exp1,20170223HY6,Posttest,4,0
Exp1,20170223WT2,Posttest,4,1
Exp1,20170224AS5 ,Posttest,4,1
Exp1,20170227TO10,Posttest,4,0
Exp1,20170227FK9,Posttest,4,0
Exp1,20170309KI14,Posttest,4,0
Exp1,20170309HY6b,Posttest,4,1
Exp1,20170906SH_10,Posttest,4,0
Exp1,20180206MM10,Posttest,4,0
Exp1,20180213SA_01,Posttest,4,1
Exp1,20160810AT1,Posttest,5,1
Exp1,20160818YK2,Posttest,5,0
Exp1,20160819CT2,Posttest,5,1
Exp1,20160826FM9,Posttest,5,0
Exp1,20160826YI9,Posttest,5,1
Exp1,20160829AK5,Posttest,5,1
Exp1,20160908TN14,Posttest,5,1
Exp1,20160909HS13,Posttest,5,1
Exp1,20160910FM13,Posttest,5,0
Exp1,20170206YO5,Posttest,5,1
Exp1,20170213KK13,Posttest,5,1
Exp1,20170213RK6,Posttest,5,1
Exp1,20170216KT14,Posttest,5,1
Exp1,20170216KE1,Posttest,5,1
Exp1,20170223HY6,Posttest,5,0
Exp1,20170223WT2,Posttest,5,0
Exp1,20170224AS5 ,Posttest,5,1
Exp1,20170227TO10,Posttest,5,1
Exp1,20170227FK9,Posttest,5,0
Exp1,20170309KI14,Posttest,5,0
Exp1,20170309HY6b,Posttest,5,1
Exp1,20170906SH_10,Posttest,5,0
Exp1,20180206MM10,Posttest,5,1
Exp1,20180213SA_01,Posttest,5,1
Exp1,20160810AT1,Posttest,6,1
Exp1,20160818YK2,Posttest,6,0
Exp1,20160819CT2,Posttest,6,0
Exp1,20160826FM9,Posttest,6,0
Exp1,20160826YI9,Posttest,6,1
Exp1,20160829AK5,Posttest,6,1
Exp1,20160908TN14,Posttest,6,1
Exp1,20160909HS13,Posttest,6,1
Exp1,20160910FM13,Posttest,6,0
Exp1,20170206YO5,Posttest,6,1
Exp1,20170213KK13,Posttest,6,1
Exp1,20170213RK6,Posttest,6,1
Exp1,20170216KT14,Posttest,6,1
Exp1,20170216KE1,Posttest,6,1
Exp1,20170223HY6,Posttest,6,1
Exp1,20170223WT2,Posttest,6,1
Exp1,20170224AS5 ,Posttest,6,0
Exp1,20170227TO10,Posttest,6,0
Exp1,20170227FK9,Posttest,6,0
Exp1,20170309KI14,Posttest,6,0
Exp1,20170309HY6b,Posttest,6,1
Exp1,20170906SH_10,Posttest,6,0
Exp1,20180206MM10,Posttest,6,1
Exp1,20180213SA_01,Posttest,6,1
Exp1,20160810AT1,Posttest,7,1
Exp1,20160818YK2,Posttest,7,1
Exp1,20160819CT2,Posttest,7,0
Exp1,20160826FM9,Posttest,7,1
Exp1,20160826YI9,Posttest,7,1
Exp1,20160829AK5,Posttest,7,1
Exp1,20160908TN14,Posttest,7,1
Exp1,20160909HS13,Posttest,7,1
Exp1,20160910FM13,Posttest,7,0
Exp1,20170206YO5,Posttest,7,1
Exp1,20170213KK13,Posttest,7,1
Exp1,20170213RK6,Posttest,7,0
Exp1,20170216KT14,Posttest,7,1
Exp1,20170216KE1,Posttest,7,1
Exp1,20170223HY6,Posttest,7,0
Exp1,20170223WT2,Posttest,7,1
Exp1,20170224AS5 ,Posttest,7,1
Exp1,20170227TO10,Posttest,7,0
Exp1,20170227FK9,Posttest,7,0
Exp1,20170309KI14,Posttest,7,1
Exp1,20170309HY6b,Posttest,7,1
Exp1,20170906SH_10,Posttest,7,1
Exp1,20180206MM10,Posttest,7,1
Exp1,20180213SA_01,Posttest,7,1
Exp1,20160810AT1,Posttest,8,1
Exp1,20160818YK2,Posttest,8,0
Exp1,20160819CT2,Posttest,8,0
Exp1,20160826FM9,Posttest,8,0
Exp1,20160826YI9,Posttest,8,1
Exp1,20160829AK5,Posttest,8,1
Exp1,20160908TN14,Posttest,8,0
Exp1,20160909HS13,Posttest,8,1
Exp1,20160910FM13,Posttest,8,0
Exp1,20170206YO5,Posttest,8,0
Exp1,20170213KK13,Posttest,8,1
Exp1,20170213RK6,Posttest,8,0
Exp1,20170216KT14,Posttest,8,1
Exp1,20170216KE1,Posttest,8,1
Exp1,20170223HY6,Posttest,8,0
Exp1,20170223WT2,Posttest,8,0
Exp1,20170224AS5 ,Posttest,8,1
Exp1,20170227TO10,Posttest,8,0
Exp1,20170227FK9,Posttest,8,0
Exp1,20170309KI14,Posttest,8,0
Exp1,20170309HY6b,Posttest,8,1
Exp1,20170906SH_10,Posttest,8,1
Exp1,20180206MM10,Posttest,8,1
Exp1,20180213SA_01,Posttest,8,1
Exp1,20160810AT1,Posttest,9,1
Exp1,20160818YK2,Posttest,9,1
Exp1,20160819CT2,Posttest,9,0
Exp1,20160826FM9,Posttest,9,0
Exp1,20160826YI9,Posttest,9,0
Exp1,20160829AK5,Posttest,9,0
Exp1,20160908TN14,Posttest,9,1
Exp1,20160909HS13,Posttest,9,1
Exp1,20160910FM13,Posttest,9,0
Exp1,20170206YO5,Posttest,9,0
Exp1,20170213KK13,Posttest,9,1
Exp1,20170213RK6,Posttest,9,0
Exp1,20170216KT14,Posttest,9,1
Exp1,20170216KE1,Posttest,9,1
Exp1,20170223HY6,Posttest,9,1
Exp1,20170223WT2,Posttest,9,1
Exp1,20170224AS5 ,Posttest,9,1
Exp1,20170227TO10,Posttest,9,0
Exp1,20170227FK9,Posttest,9,0
Exp1,20170309KI14,Posttest,9,0
Exp1,20170309HY6b,Posttest,9,1
Exp1,20170906SH_10,Posttest,9,1
Exp1,20180206MM10,Posttest,9,0
Exp1,20180213SA_01,Posttest,9,1
Exp1,20160810AT1,Posttest,10,1
Exp1,20160818YK2,Posttest,10,1
Exp1,20160819CT2,Posttest,10,0
Exp1,20160826FM9,Posttest,10,0
Exp1,20160826YI9,Posttest,10,0
Exp1,20160829AK5,Posttest,10,1
Exp1,20160908TN14,Posttest,10,0
Exp1,20160909HS13,Posttest,10,1
Exp1,20160910FM13,Posttest,10,1
Exp1,20170206YO5,Posttest,10,1
Exp1,20170213KK13,Posttest,10,0
Exp1,20170213RK6,Posttest,10,1
Exp1,20170216KT14,Posttest,10,1
Exp1,20170216KE1,Posttest,10,1
Exp1,20170223HY6,Posttest,10,0
Exp1,20170223WT2,Posttest,10,0
Exp1,20170224AS5 ,Posttest,10,0
Exp1,20170227TO10,Posttest,10,0
Exp1,20170227FK9,Posttest,10,0
Exp1,20170309KI14,Posttest,10,1
Exp1,20170309HY6b,Posttest,10,0
Exp1,20170906SH_10,Posttest,10,0
Exp1,20180206MM10,Posttest,10,1
Exp1,20180213SA_01,Posttest,10,1
Exp2,20170323IM4,Pretest,1,1
Exp2,20170325NS3c,Pretest,1,1
Exp2,20170328NS8,Pretest,1,0
Exp2,20170330KK7,Pretest,1,0
Exp2,20170809HK_12,Pretest,1,1
Exp2,20170809YK_15,Pretest,1,0
Exp2,20170816YT_16,Pretest,1,1
Exp2,20170817HO_08,Pretest,1,0
Exp2,20170818NH_11,Pretest,1,1
Exp2,20170821RS_12,Pretest,1,1
Exp2,20170826FK_15,Pretest,1,1
Exp2,20170828DO_03,Pretest,1,1
Exp2,20170828YT_16,Pretest,1,0
Exp2,20170829AK_03,Pretest,1,0
Exp2,20170830AK_11,Pretest,1,1
Exp2,20170830A_16,Pretest,1,0
Exp2,20170902ST_04,Pretest,1,0
Exp2,20170904YT_07,Pretest,1,1
Exp2,20170906ZS_11,Pretest,1,0
Exp2,20170911SR_07,Pretest,1,1
Exp2,20170911YS_12,Pretest,1,1
Exp2,20180213KF_08,Pretest,1,0
Exp2,20180213MS_04,Pretest,1,1
Exp2,20180219YS_15,Pretest,1,0
Exp2,20170323IM4,Pretest,2,1
Exp2,20170325NS3c,Pretest,2,1
Exp2,20170328NS8,Pretest,2,1
Exp2,20170330KK7,Pretest,2,1
Exp2,20170809HK_12,Pretest,2,1
Exp2,20170809YK_15,Pretest,2,1
Exp2,20170816YT_16,Pretest,2,1
Exp2,20170817HO_08,Pretest,2,1
Exp2,20170818NH_11,Pretest,2,0
Exp2,20170821RS_12,Pretest,2,1
Exp2,20170826FK_15,Pretest,2,0
Exp2,20170828DO_03,Pretest,2,0
Exp2,20170828YT_16,Pretest,2,0
Exp2,20170829AK_03,Pretest,2,1
Exp2,20170830AK_11,Pretest,2,0
Exp2,20170830A_16,Pretest,2,0
Exp2,20170902ST_04,Pretest,2,1
Exp2,20170904YT_07,Pretest,2,0
Exp2,20170906ZS_11,Pretest,2,1
Exp2,20170911SR_07,Pretest,2,1
Exp2,20170911YS_12,Pretest,2,0
Exp2,20180213KF_08,Pretest,2,0
Exp2,20180213MS_04,Pretest,2,1
Exp2,20180219YS_15,Pretest,2,1
Exp2,20170323IM4,Pretest,3,1
Exp2,20170325NS3c,Pretest,3,0
Exp2,20170328NS8,Pretest,3,0
Exp2,20170330KK7,Pretest,3,1
Exp2,20170809HK_12,Pretest,3,1
Exp2,20170809YK_15,Pretest,3,0
Exp2,20170816YT_16,Pretest,3,1
Exp2,20170817HO_08,Pretest,3,1
Exp2,20170818NH_11,Pretest,3,0
Exp2,20170821RS_12,Pretest,3,1
Exp2,20170826FK_15,Pretest,3,0
Exp2,20170828DO_03,Pretest,3,1
Exp2,20170828YT_16,Pretest,3,1
Exp2,20170829AK_03,Pretest,3,1
Exp2,20170830AK_11,Pretest,3,0
Exp2,20170830A_16,Pretest,3,0
Exp2,20170902ST_04,Pretest,3,0
Exp2,20170904YT_07,Pretest,3,0
Exp2,20170906ZS_11,Pretest,3,1
Exp2,20170911SR_07,Pretest,3,0
Exp2,20170911YS_12,Pretest,3,1
Exp2,20180213KF_08,Pretest,3,1
Exp2,20180213MS_04,Pretest,3,1
Exp2,20180219YS_15,Pretest,3,0
Exp2,20170323IM4,Pretest,4,0
Exp2,20170325NS3c,Pretest,4,1
Exp2,20170328NS8,Pretest,4,0
Exp2,20170330KK7,Pretest,4,0
Exp2,20170809HK_12,Pretest,4,0
Exp2,20170809YK_15,Pretest,4,0
Exp2,20170816YT_16,Pretest,4,1
Exp2,20170817HO_08,Pretest,4,1
Exp2,20170818NH_11,Pretest,4,1
Exp2,20170821RS_12,Pretest,4,0
Exp2,20170826FK_15,Pretest,4,0
Exp2,20170828DO_03,Pretest,4,1
Exp2,20170828YT_16,Pretest,4,1
Exp2,20170829AK_03,Pretest,4,1
Exp2,20170830AK_11,Pretest,4,0
Exp2,20170830A_16,Pretest,4,0
Exp2,20170902ST_04,Pretest,4,1
Exp2,20170904YT_07,Pretest,4,0
Exp2,20170906ZS_11,Pretest,4,0
Exp2,20170911SR_07,Pretest,4,1
Exp2,20170911YS_12,Pretest,4,0
Exp2,20180213KF_08,Pretest,4,1
Exp2,20180213MS_04,Pretest,4,0
Exp2,20180219YS_15,Pretest,4,0
Exp2,20170323IM4,Pretest,5,1
Exp2,20170325NS3c,Pretest,5,1
Exp2,20170328NS8,Pretest,5,1
Exp2,20170330KK7,Pretest,5,0
Exp2,20170809HK_12,Pretest,5,0
Exp2,20170809YK_15,Pretest,5,0
Exp2,20170816YT_16,Pretest,5,0
Exp2,20170817HO_08,Pretest,5,1
Exp2,20170818NH_11,Pretest,5,1
Exp2,20170821RS_12,Pretest,5,0
Exp2,20170826FK_15,Pretest,5,1
Exp2,20170828DO_03,Pretest,5,1
Exp2,20170828YT_16,Pretest,5,0
Exp2,20170829AK_03,Pretest,5,0
Exp2,20170830AK_11,Pretest,5,0
Exp2,20170830A_16,Pretest,5,1
Exp2,20170902ST_04,Pretest,5,0
Exp2,20170904YT_07,Pretest,5,1
Exp2,20170906ZS_11,Pretest,5,1
Exp2,20170911SR_07,Pretest,5,0
Exp2,20170911YS_12,Pretest,5,0
Exp2,20180213KF_08,Pretest,5,1
Exp2,20180213MS_04,Pretest,5,1
Exp2,20180219YS_15,Pretest,5,0
Exp2,20170323IM4,Pretest,6,1
Exp2,20170325NS3c,Pretest,6,1
Exp2,20170328NS8,Pretest,6,0
Exp2,20170330KK7,Pretest,6,1
Exp2,20170809HK_12,Pretest,6,0
Exp2,20170809YK_15,Pretest,6,0
Exp2,20170816YT_16,Pretest,6,1
Exp2,20170817HO_08,Pretest,6,1
Exp2,20170818NH_11,Pretest,6,0
Exp2,20170821RS_12,Pretest,6,0
Exp2,20170826FK_15,Pretest,6,1
Exp2,20170828DO_03,Pretest,6,0
Exp2,20170828YT_16,Pretest,6,1
Exp2,20170829AK_03,Pretest,6,0
Exp2,20170830AK_11,Pretest,6,1
Exp2,20170830A_16,Pretest,6,0
Exp2,20170902ST_04,Pretest,6,1
Exp2,20170904YT_07,Pretest,6,0
Exp2,20170906ZS_11,Pretest,6,1
Exp2,20170911SR_07,Pretest,6,0
Exp2,20170911YS_12,Pretest,6,1
Exp2,20180213KF_08,Pretest,6,1
Exp2,20180213MS_04,Pretest,6,1
Exp2,20180219YS_15,Pretest,6,1
Exp2,20170323IM4,Pretest,7,1
Exp2,20170325NS3c,Pretest,7,0
Exp2,20170328NS8,Pretest,7,1
Exp2,20170330KK7,Pretest,7,1
Exp2,20170809HK_12,Pretest,7,0
Exp2,20170809YK_15,Pretest,7,0
Exp2,20170816YT_16,Pretest,7,1
Exp2,20170817HO_08,Pretest,7,0
Exp2,20170818NH_11,Pretest,7,0
Exp2,20170821RS_12,Pretest,7,0
Exp2,20170826FK_15,Pretest,7,0
Exp2,20170828DO_03,Pretest,7,1
Exp2,20170828YT_16,Pretest,7,1
Exp2,20170829AK_03,Pretest,7,1
Exp2,20170830AK_11,Pretest,7,0
Exp2,20170830A_16,Pretest,7,0
Exp2,20170902ST_04,Pretest,7,1
Exp2,20170904YT_07,Pretest,7,0
Exp2,20170906ZS_11,Pretest,7,1
Exp2,20170911SR_07,Pretest,7,0
Exp2,20170911YS_12,Pretest,7,0
Exp2,20180213KF_08,Pretest,7,1
Exp2,20180213MS_04,Pretest,7,0
Exp2,20180219YS_15,Pretest,7,1
Exp2,20170323IM4,Pretest,8,1
Exp2,20170325NS3c,Pretest,8,0
Exp2,20170328NS8,Pretest,8,0
Exp2,20170330KK7,Pretest,8,1
Exp2,20170809HK_12,Pretest,8,0
Exp2,20170809YK_15,Pretest,8,0
Exp2,20170816YT_16,Pretest,8,1
Exp2,20170817HO_08,Pretest,8,0
Exp2,20170818NH_11,Pretest,8,0
Exp2,20170821RS_12,Pretest,8,0
Exp2,20170826FK_15,Pretest,8,1
Exp2,20170828DO_03,Pretest,8,0
Exp2,20170828YT_16,Pretest,8,1
Exp2,20170829AK_03,Pretest,8,0
Exp2,20170830AK_11,Pretest,8,0
Exp2,20170830A_16,Pretest,8,0
Exp2,20170902ST_04,Pretest,8,1
Exp2,20170904YT_07,Pretest,8,0
Exp2,20170906ZS_11,Pretest,8,0
Exp2,20170911SR_07,Pretest,8,0
Exp2,20170911YS_12,Pretest,8,1
Exp2,20180213KF_08,Pretest,8,1
Exp2,20180213MS_04,Pretest,8,1
Exp2,20180219YS_15,Pretest,8,0
Exp2,20170323IM4,Pretest,9,0
Exp2,20170325NS3c,Pretest,9,1
Exp2,20170328NS8,Pretest,9,1
Exp2,20170330KK7,Pretest,9,0
Exp2,20170809HK_12,Pretest,9,0
Exp2,20170809YK_15,Pretest,9,0
Exp2,20170816YT_16,Pretest,9,0
Exp2,20170817HO_08,Pretest,9,1
Exp2,20170818NH_11,Pretest,9,0
Exp2,20170821RS_12,Pretest,9,0
Exp2,20170826FK_15,Pretest,9,0
Exp2,20170828DO_03,Pretest,9,1
Exp2,20170828YT_16,Pretest,9,0
Exp2,20170829AK_03,Pretest,9,1
Exp2,20170830AK_11,Pretest,9,0
Exp2,20170830A_16,Pretest,9,1
Exp2,20170902ST_04,Pretest,9,0
Exp2,20170904YT_07,Pretest,9,1
Exp2,20170906ZS_11,Pretest,9,1
Exp2,20170911SR_07,Pretest,9,1
Exp2,20170911YS_12,Pretest,9,1
Exp2,20180213KF_08,Pretest,9,1
Exp2,20180213MS_04,Pretest,9,0
Exp2,20180219YS_15,Pretest,9,0
Exp2,20170323IM4,Pretest,10,1
Exp2,20170325NS3c,Pretest,10,0
Exp2,20170328NS8,Pretest,10,1
Exp2,20170330KK7,Pretest,10,1
Exp2,20170809HK_12,Pretest,10,1
Exp2,20170809YK_15,Pretest,10,0
Exp2,20170816YT_16,Pretest,10,1
Exp2,20170817HO_08,Pretest,10,0
Exp2,20170818NH_11,Pretest,10,0
Exp2,20170821RS_12,Pretest,10,0
Exp2,20170826FK_15,Pretest,10,1
Exp2,20170828DO_03,Pretest,10,0
Exp2,20170828YT_16,Pretest,10,0
Exp2,20170829AK_03,Pretest,10,1
Exp2,20170830AK_11,Pretest,10,1
Exp2,20170830A_16,Pretest,10,1
Exp2,20170902ST_04,Pretest,10,0
Exp2,20170904YT_07,Pretest,10,1
Exp2,20170906ZS_11,Pretest,10,1
Exp2,20170911SR_07,Pretest,10,0
Exp2,20170911YS_12,Pretest,10,1
Exp2,20180213KF_08,Pretest,10,1
Exp2,20180213MS_04,Pretest,10,1
Exp2,20180219YS_15,Pretest,10,0
Exp2,20170323IM4,Posttest,1,0
Exp2,20170325NS3c,Posttest,1,0
Exp2,20170328NS8,Posttest,1,1
Exp2,20170330KK7,Posttest,1,0
Exp2,20170809HK_12,Posttest,1,1
Exp2,20170809YK_15,Posttest,1,0
Exp2,20170816YT_16,Posttest,1,1
Exp2,20170817HO_08,Posttest,1,0
Exp2,20170818NH_11,Posttest,1,1
Exp2,20170821RS_12,Posttest,1,0
Exp2,20170826FK_15,Posttest,1,0
Exp2,20170828DO_03,Posttest,1,0
Exp2,20170828YT_16,Posttest,1,1
Exp2,20170829AK_03,Posttest,1,0
Exp2,20170830AK_11,Posttest,1,1
Exp2,20170830A_16,Posttest,1,1
Exp2,20170902ST_04,Posttest,1,0
Exp2,20170904YT_07,Posttest,1,0
Exp2,20170906ZS_11,Posttest,1,0
Exp2,20170911SR_07,Posttest,1,1
Exp2,20170911YS_12,Posttest,1,1
Exp2,20180213KF_08,Posttest,1,1
Exp2,20180213MS_04,Posttest,1,0
Exp2,20180219YS_15,Posttest,1,0
Exp2,20170323IM4,Posttest,2,1
Exp2,20170325NS3c,Posttest,2,0
Exp2,20170328NS8,Posttest,2,1
Exp2,20170330KK7,Posttest,2,1
Exp2,20170809HK_12,Posttest,2,0
Exp2,20170809YK_15,Posttest,2,1
Exp2,20170816YT_16,Posttest,2,1
Exp2,20170817HO_08,Posttest,2,1
Exp2,20170818NH_11,Posttest,2,0
Exp2,20170821RS_12,Posttest,2,0
Exp2,20170826FK_15,Posttest,2,1
Exp2,20170828DO_03,Posttest,2,1
Exp2,20170828YT_16,Posttest,2,1
Exp2,20170829AK_03,Posttest,2,1
Exp2,20170830AK_11,Posttest,2,0
Exp2,20170830A_16,Posttest,2,0
Exp2,20170902ST_04,Posttest,2,1
Exp2,20170904YT_07,Posttest,2,1
Exp2,20170906ZS_11,Posttest,2,0
Exp2,20170911SR_07,Posttest,2,1
Exp2,20170911YS_12,Posttest,2,0
Exp2,20180213KF_08,Posttest,2,1
Exp2,20180213MS_04,Posttest,2,1
Exp2,20180219YS_15,Posttest,2,1
Exp2,20170323IM4,Posttest,3,1
Exp2,20170325NS3c,Posttest,3,1
Exp2,20170328NS8,Posttest,3,1
Exp2,20170330KK7,Posttest,3,1
Exp2,20170809HK_12,Posttest,3,1
Exp2,20170809YK_15,Posttest,3,1
Exp2,20170816YT_16,Posttest,3,0
Exp2,20170817HO_08,Posttest,3,0
Exp2,20170818NH_11,Posttest,3,0
Exp2,20170821RS_12,Posttest,3,0
Exp2,20170826FK_15,Posttest,3,1
Exp2,20170828DO_03,Posttest,3,1
Exp2,20170828YT_16,Posttest,3,1
Exp2,20170829AK_03,Posttest,3,1
Exp2,20170830AK_11,Posttest,3,0
Exp2,20170830A_16,Posttest,3,0
Exp2,20170902ST_04,Posttest,3,0
Exp2,20170904YT_07,Posttest,3,1
Exp2,20170906ZS_11,Posttest,3,1
Exp2,20170911SR_07,Posttest,3,0
Exp2,20170911YS_12,Posttest,3,0
Exp2,20180213KF_08,Posttest,3,1
Exp2,20180213MS_04,Posttest,3,1
Exp2,20180219YS_15,Posttest,3,0
Exp2,20170323IM4,Posttest,4,1
Exp2,20170325NS3c,Posttest,4,1
Exp2,20170328NS8,Posttest,4,1
Exp2,20170330KK7,Posttest,4,1
Exp2,20170809HK_12,Posttest,4,0
Exp2,20170809YK_15,Posttest,4,0
Exp2,20170816YT_16,Posttest,4,1
Exp2,20170817HO_08,Posttest,4,1
Exp2,20170818NH_11,Posttest,4,0
Exp2,20170821RS_12,Posttest,4,0
Exp2,20170826FK_15,Posttest,4,0
Exp2,20170828DO_03,Posttest,4,1
Exp2,20170828YT_16,Posttest,4,0
Exp2,20170829AK_03,Posttest,4,1
Exp2,20170830AK_11,Posttest,4,0
Exp2,20170830A_16,Posttest,4,1
Exp2,20170902ST_04,Posttest,4,0
Exp2,20170904YT_07,Posttest,4,1
Exp2,20170906ZS_11,Posttest,4,1
Exp2,20170911SR_07,Posttest,4,1
Exp2,20170911YS_12,Posttest,4,0
Exp2,20180213KF_08,Posttest,4,0
Exp2,20180213MS_04,Posttest,4,1
Exp2,20180219YS_15,Posttest,4,0
Exp2,20170323IM4,Posttest,5,1
Exp2,20170325NS3c,Posttest,5,1
Exp2,20170328NS8,Posttest,5,1
Exp2,20170330KK7,Posttest,5,0
Exp2,20170809HK_12,Posttest,5,1
Exp2,20170809YK_15,Posttest,5,1
Exp2,20170816YT_16,Posttest,5,1
Exp2,20170817HO_08,Posttest,5,0
Exp2,20170818NH_11,Posttest,5,0
Exp2,20170821RS_12,Posttest,5,0
Exp2,20170826FK_15,Posttest,5,0
Exp2,20170828DO_03,Posttest,5,1
Exp2,20170828YT_16,Posttest,5,0
Exp2,20170829AK_03,Posttest,5,1
Exp2,20170830AK_11,Posttest,5,0
Exp2,20170830A_16,Posttest,5,1
Exp2,20170902ST_04,Posttest,5,0
Exp2,20170904YT_07,Posttest,5,0
Exp2,20170906ZS_11,Posttest,5,0
Exp2,20170911SR_07,Posttest,5,1
Exp2,20170911YS_12,Posttest,5,0
Exp2,20180213KF_08,Posttest,5,0
Exp2,20180213MS_04,Posttest,5,0
Exp2,20180219YS_15,Posttest,5,1
Exp2,20170323IM4,Posttest,6,1
Exp2,20170325NS3c,Posttest,6,1
Exp2,20170328NS8,Posttest,6,0
Exp2,20170330KK7,Posttest,6,0
Exp2,20170809HK_12,Posttest,6,1
Exp2,20170809YK_15,Posttest,6,1
Exp2,20170816YT_16,Posttest,6,1
Exp2,20170817HO_08,Posttest,6,0
Exp2,20170818NH_11,Posttest,6,0
Exp2,20170821RS_12,Posttest,6,0
Exp2,20170826FK_15,Posttest,6,0
Exp2,20170828DO_03,Posttest,6,1
Exp2,20170828YT_16,Posttest,6,0
Exp2,20170829AK_03,Posttest,6,1
Exp2,20170830AK_11,Posttest,6,0
Exp2,20170830A_16,Posttest,6,0
Exp2,20170902ST_04,Posttest,6,1
Exp2,20170904YT_07,Posttest,6,1
Exp2,20170906ZS_11,Posttest,6,1
Exp2,20170911SR_07,Posttest,6,0
Exp2,20170911YS_12,Posttest,6,1
Exp2,20180213KF_08,Posttest,6,0
Exp2,20180213MS_04,Posttest,6,1
Exp2,20180219YS_15,Posttest,6,1
Exp2,20170323IM4,Posttest,7,0
Exp2,20170325NS3c,Posttest,7,1
Exp2,20170328NS8,Posttest,7,1
Exp2,20170330KK7,Posttest,7,1
Exp2,20170809HK_12,Posttest,7,0
Exp2,20170809YK_15,Posttest,7,0
Exp2,20170816YT_16,Posttest,7,1
Exp2,20170817HO_08,Posttest,7,0
Exp2,20170818NH_11,Posttest,7,0
Exp2,20170821RS_12,Posttest,7,0
Exp2,20170826FK_15,Posttest,7,0
Exp2,20170828DO_03,Posttest,7,1
Exp2,20170828YT_16,Posttest,7,0
Exp2,20170829AK_03,Posttest,7,1
Exp2,20170830AK_11,Posttest,7,0
Exp2,20170830A_16,Posttest,7,1
Exp2,20170902ST_04,Posttest,7,0
Exp2,20170904YT_07,Posttest,7,1
Exp2,20170906ZS_11,Posttest,7,1
Exp2,20170911SR_07,Posttest,7,1
Exp2,20170911YS_12,Posttest,7,0
Exp2,20180213KF_08,Posttest,7,0
Exp2,20180213MS_04,Posttest,7,1
Exp2,20180219YS_15,Posttest,7,1
Exp2,20170323IM4,Posttest,8,1
Exp2,20170325NS3c,Posttest,8,0
Exp2,20170328NS8,Posttest,8,1
Exp2,20170330KK7,Posttest,8,1
Exp2,20170809HK_12,Posttest,8,1
Exp2,20170809YK_15,Posttest,8,0
Exp2,20170816YT_16,Posttest,8,0
Exp2,20170817HO_08,Posttest,8,0
Exp2,20170818NH_11,Posttest,8,0
Exp2,20170821RS_12,Posttest,8,0
Exp2,20170826FK_15,Posttest,8,1
Exp2,20170828DO_03,Posttest,8,1
Exp2,20170828YT_16,Posttest,8,1
Exp2,20170829AK_03,Posttest,8,1
Exp2,20170830AK_11,Posttest,8,0
Exp2,20170830A_16,Posttest,8,0
Exp2,20170902ST_04,Posttest,8,1
Exp2,20170904YT_07,Posttest,8,0
Exp2,20170906ZS_11,Posttest,8,0
Exp2,20170911SR_07,Posttest,8,0
Exp2,20170911YS_12,Posttest,8,1
Exp2,20180213KF_08,Posttest,8,0
Exp2,20180213MS_04,Posttest,8,1
Exp2,20180219YS_15,Posttest,8,1
Exp2,20170323IM4,Posttest,9,0
Exp2,20170325NS3c,Posttest,9,0
Exp2,20170328NS8,Posttest,9,1
Exp2,20170330KK7,Posttest,9,0
Exp2,20170809HK_12,Posttest,9,1
Exp2,20170809YK_15,Posttest,9,1
Exp2,20170816YT_16,Posttest,9,1
Exp2,20170817HO_08,Posttest,9,0
Exp2,20170818NH_11,Posttest,9,0
Exp2,20170821RS_12,Posttest,9,0
Exp2,20170826FK_15,Posttest,9,0
Exp2,20170828DO_03,Posttest,9,1
Exp2,20170828YT_16,Posttest,9,0
Exp2,20170829AK_03,Posttest,9,1
Exp2,20170830AK_11,Posttest,9,0
Exp2,20170830A_16,Posttest,9,1
Exp2,20170902ST_04,Posttest,9,0
Exp2,20170904YT_07,Posttest,9,0
Exp2,20170906ZS_11,Posttest,9,1
Exp2,20170911SR_07,Posttest,9,1
Exp2,20170911YS_12,Posttest,9,1
Exp2,20180213KF_08,Posttest,9,0
Exp2,20180213MS_04,Posttest,9,0
Exp2,20180219YS_15,Posttest,9,1
Exp2,20170323IM4,Posttest,10,1
Exp2,20170325NS3c,Posttest,10,0
Exp2,20170328NS8,Posttest,10,1
Exp2,20170330KK7,Posttest,10,1
Exp2,20170809HK_12,Posttest,10,0
Exp2,20170809YK_15,Posttest,10,0
Exp2,20170816YT_16,Posttest,10,1
Exp2,20170817HO_08,Posttest,10,0
Exp2,20170818NH_11,Posttest,10,1
Exp2,20170821RS_12,Posttest,10,0
Exp2,20170826FK_15,Posttest,10,0
Exp2,20170828DO_03,Posttest,10,1
Exp2,20170828YT_16,Posttest,10,0
Exp2,20170829AK_03,Posttest,10,1
Exp2,20170830AK_11,Posttest,10,0
Exp2,20170830A_16,Posttest,10,0
Exp2,20170902ST_04,Posttest,10,1
Exp2,20170904YT_07,Posttest,10,1
Exp2,20170906ZS_11,Posttest,10,1
Exp2,20170911SR_07,Posttest,10,1
Exp2,20170911YS_12,Posttest,10,1
Exp2,20180213KF_08,Posttest,10,0
Exp2,20180213MS_04,Posttest,10,0
Exp2,20180219YS_15,Posttest,10,0
Exp3,20190829KM01,Pretest,1,1
Exp3,20190903HI06,Pretest,1,0
Exp3,20190906MF13,Pretest,1,1
Exp3,20190906YI09,Pretest,1,0
Exp3,20200106SO02,Pretest,1,0
Exp3,20200125AO05,Pretest,1,1
Exp3,20200207KY14,Pretest,1,1
Exp3,20200207TT02,Pretest,1,1
Exp3,20200210RY10,Pretest,1,1
Exp3,20200210TK05,Pretest,1,1
Exp3,20200212RS06,Pretest,1,0
Exp3,20200219AK14,Pretest,1,0
Exp3,20200219RO10,Pretest,1,0
Exp3,20200219TY13,Pretest,1,1
Exp3,20200221SY09,Pretest,1,0
Exp3,20201019RC01,Pretest,1,0
Exp3,20201019RT02,Pretest,1,1
Exp3,20201020RS09,Pretest,1,0
Exp3,20201020YO01,Pretest,1,0
Exp3,20201026AW10,Pretest,1,0
Exp3,20201026IT06,Pretest,1,0
Exp3,20201027HO14,Pretest,1,0
Exp3,20201102HI13,Pretest,1,0
Exp3,20201110AM05,Pretest,1,0
Exp3,20190829KM01,Pretest,2,1
Exp3,20190903HI06,Pretest,2,1
Exp3,20190906MF13,Pretest,2,0
Exp3,20190906YI09,Pretest,2,1
Exp3,20200106SO02,Pretest,2,0
Exp3,20200125AO05,Pretest,2,1
Exp3,20200207KY14,Pretest,2,0
Exp3,20200207TT02,Pretest,2,1
Exp3,20200210RY10,Pretest,2,1
Exp3,20200210TK05,Pretest,2,0
Exp3,20200212RS06,Pretest,2,0
Exp3,20200219AK14,Pretest,2,1
Exp3,20200219RO10,Pretest,2,1
Exp3,20200219TY13,Pretest,2,1
Exp3,20200221SY09,Pretest,2,0
Exp3,20201019RC01,Pretest,2,0
Exp3,20201019RT02,Pretest,2,1
Exp3,20201020RS09,Pretest,2,1
Exp3,20201020YO01,Pretest,2,1
Exp3,20201026AW10,Pretest,2,0
Exp3,20201026IT06,Pretest,2,0
Exp3,20201027HO14,Pretest,2,0
Exp3,20201102HI13,Pretest,2,0
Exp3,20201110AM05,Pretest,2,0
Exp3,20190829KM01,Pretest,3,0
Exp3,20190903HI06,Pretest,3,1
Exp3,20190906MF13,Pretest,3,0
Exp3,20190906YI09,Pretest,3,1
Exp3,20200106SO02,Pretest,3,1
Exp3,20200125AO05,Pretest,3,0
Exp3,20200207KY14,Pretest,3,1
Exp3,20200207TT02,Pretest,3,1
Exp3,20200210RY10,Pretest,3,0
Exp3,20200210TK05,Pretest,3,0
Exp3,20200212RS06,Pretest,3,0
Exp3,20200219AK14,Pretest,3,1
Exp3,20200219RO10,Pretest,3,1
Exp3,20200219TY13,Pretest,3,1
Exp3,20200221SY09,Pretest,3,0
Exp3,20201019RC01,Pretest,3,0
Exp3,20201019RT02,Pretest,3,0
Exp3,20201020RS09,Pretest,3,1
Exp3,20201020YO01,Pretest,3,0
Exp3,20201026AW10,Pretest,3,1
Exp3,20201026IT06,Pretest,3,1
Exp3,20201027HO14,Pretest,3,1
Exp3,20201102HI13,Pretest,3,1
Exp3,20201110AM05,Pretest,3,0
Exp3,20190829KM01,Pretest,4,0
Exp3,20190903HI06,Pretest,4,1
Exp3,20190906MF13,Pretest,4,1
Exp3,20190906YI09,Pretest,4,0
Exp3,20200106SO02,Pretest,4,0
Exp3,20200125AO05,Pretest,4,1
Exp3,20200207KY14,Pretest,4,0
Exp3,20200207TT02,Pretest,4,0
Exp3,20200210RY10,Pretest,4,1
Exp3,20200210TK05,Pretest,4,1
Exp3,20200212RS06,Pretest,4,0
Exp3,20200219AK14,Pretest,4,1
Exp3,20200219RO10,Pretest,4,1
Exp3,20200219TY13,Pretest,4,1
Exp3,20200221SY09,Pretest,4,1
Exp3,20201019RC01,Pretest,4,1
Exp3,20201019RT02,Pretest,4,1
Exp3,20201020RS09,Pretest,4,1
Exp3,20201020YO01,Pretest,4,1
Exp3,20201026AW10,Pretest,4,0
Exp3,20201026IT06,Pretest,4,1
Exp3,20201027HO14,Pretest,4,1
Exp3,20201102HI13,Pretest,4,0
Exp3,20201110AM05,Pretest,4,1
Exp3,20190829KM01,Pretest,5,1
Exp3,20190903HI06,Pretest,5,0
Exp3,20190906MF13,Pretest,5,1
Exp3,20190906YI09,Pretest,5,1
Exp3,20200106SO02,Pretest,5,0
Exp3,20200125AO05,Pretest,5,1
Exp3,20200207KY14,Pretest,5,0
Exp3,20200207TT02,Pretest,5,0
Exp3,20200210RY10,Pretest,5,1
Exp3,20200210TK05,Pretest,5,0
Exp3,20200212RS06,Pretest,5,1
Exp3,20200219AK14,Pretest,5,0
Exp3,20200219RO10,Pretest,5,0
Exp3,20200219TY13,Pretest,5,1
Exp3,20200221SY09,Pretest,5,0
Exp3,20201019RC01,Pretest,5,1
Exp3,20201019RT02,Pretest,5,1
Exp3,20201020RS09,Pretest,5,1
Exp3,20201020YO01,Pretest,5,0
Exp3,20201026AW10,Pretest,5,1
Exp3,20201026IT06,Pretest,5,1
Exp3,20201027HO14,Pretest,5,0
Exp3,20201102HI13,Pretest,5,0
Exp3,20201110AM05,Pretest,5,1
Exp3,20190829KM01,Pretest,6,1
Exp3,20190903HI06,Pretest,6,0
Exp3,20190906MF13,Pretest,6,0
Exp3,20190906YI09,Pretest,6,1
Exp3,20200106SO02,Pretest,6,1
Exp3,20200125AO05,Pretest,6,1
Exp3,20200207KY14,Pretest,6,1
Exp3,20200207TT02,Pretest,6,1
Exp3,20200210RY10,Pretest,6,1
Exp3,20200210TK05,Pretest,6,0
Exp3,20200212RS06,Pretest,6,1
Exp3,20200219AK14,Pretest,6,1
Exp3,20200219RO10,Pretest,6,0
Exp3,20200219TY13,Pretest,6,1
Exp3,20200221SY09,Pretest,6,1
Exp3,20201019RC01,Pretest,6,0
Exp3,20201019RT02,Pretest,6,1
Exp3,20201020RS09,Pretest,6,1
Exp3,20201020YO01,Pretest,6,0
Exp3,20201026AW10,Pretest,6,0
Exp3,20201026IT06,Pretest,6,0
Exp3,20201027HO14,Pretest,6,0
Exp3,20201102HI13,Pretest,6,0
Exp3,20201110AM05,Pretest,6,1
Exp3,20190829KM01,Pretest,7,1
Exp3,20190903HI06,Pretest,7,0
Exp3,20190906MF13,Pretest,7,1
Exp3,20190906YI09,Pretest,7,1
Exp3,20200106SO02,Pretest,7,0
Exp3,20200125AO05,Pretest,7,0
Exp3,20200207KY14,Pretest,7,0
Exp3,20200207TT02,Pretest,7,1
Exp3,20200210RY10,Pretest,7,0
Exp3,20200210TK05,Pretest,7,0
Exp3,20200212RS06,Pretest,7,0
Exp3,20200219AK14,Pretest,7,1
Exp3,20200219RO10,Pretest,7,1
Exp3,20200219TY13,Pretest,7,0
Exp3,20200221SY09,Pretest,7,0
Exp3,20201019RC01,Pretest,7,0
Exp3,20201019RT02,Pretest,7,1
Exp3,20201020RS09,Pretest,7,1
Exp3,20201020YO01,Pretest,7,0
Exp3,20201026AW10,Pretest,7,0
Exp3,20201026IT06,Pretest,7,0
Exp3,20201027HO14,Pretest,7,0
Exp3,20201102HI13,Pretest,7,0
Exp3,20201110AM05,Pretest,7,1
Exp3,20190829KM01,Pretest,8,0
Exp3,20190903HI06,Pretest,8,0
Exp3,20190906MF13,Pretest,8,1
Exp3,20190906YI09,Pretest,8,1
Exp3,20200106SO02,Pretest,8,1
Exp3,20200125AO05,Pretest,8,0
Exp3,20200207KY14,Pretest,8,0
Exp3,20200207TT02,Pretest,8,0
Exp3,20200210RY10,Pretest,8,0
Exp3,20200210TK05,Pretest,8,0
Exp3,20200212RS06,Pretest,8,1
Exp3,20200219AK14,Pretest,8,1
Exp3,20200219RO10,Pretest,8,0
Exp3,20200219TY13,Pretest,8,1
Exp3,20200221SY09,Pretest,8,1
Exp3,20201019RC01,Pretest,8,1
Exp3,20201019RT02,Pretest,8,1
Exp3,20201020RS09,Pretest,8,0
Exp3,20201020YO01,Pretest,8,0
Exp3,20201026AW10,Pretest,8,0
Exp3,20201026IT06,Pretest,8,0
Exp3,20201027HO14,Pretest,8,1
Exp3,20201102HI13,Pretest,8,1
Exp3,20201110AM05,Pretest,8,1
Exp3,20190829KM01,Pretest,9,1
Exp3,20190903HI06,Pretest,9,0
Exp3,20190906MF13,Pretest,9,0
Exp3,20190906YI09,Pretest,9,1
Exp3,20200106SO02,Pretest,9,1
Exp3,20200125AO05,Pretest,9,1
Exp3,20200207KY14,Pretest,9,0
Exp3,20200207TT02,Pretest,9,1
Exp3,20200210RY10,Pretest,9,0
Exp3,20200210TK05,Pretest,9,0
Exp3,20200212RS06,Pretest,9,1
Exp3,20200219AK14,Pretest,9,1
Exp3,20200219RO10,Pretest,9,0
Exp3,20200219TY13,Pretest,9,1
Exp3,20200221SY09,Pretest,9,1
Exp3,20201019RC01,Pretest,9,0
Exp3,20201019RT02,Pretest,9,0
Exp3,20201020RS09,Pretest,9,0
Exp3,20201020YO01,Pretest,9,0
Exp3,20201026AW10,Pretest,9,1
Exp3,20201026IT06,Pretest,9,1
Exp3,20201027HO14,Pretest,9,0
Exp3,20201102HI13,Pretest,9,1
Exp3,20201110AM05,Pretest,9,1
Exp3,20190829KM01,Pretest,10,1
Exp3,20190903HI06,Pretest,10,0
Exp3,20190906MF13,Pretest,10,1
Exp3,20190906YI09,Pretest,10,1
Exp3,20200106SO02,Pretest,10,0
Exp3,20200125AO05,Pretest,10,0
Exp3,20200207KY14,Pretest,10,0
Exp3,20200207TT02,Pretest,10,1
Exp3,20200210RY10,Pretest,10,0
Exp3,20200210TK05,Pretest,10,1
Exp3,20200212RS06,Pretest,10,1
Exp3,20200219AK14,Pretest,10,0
Exp3,20200219RO10,Pretest,10,1
Exp3,20200219TY13,Pretest,10,1
Exp3,20200221SY09,Pretest,10,1
Exp3,20201019RC01,Pretest,10,0
Exp3,20201019RT02,Pretest,10,0
Exp3,20201020RS09,Pretest,10,1
Exp3,20201020YO01,Pretest,10,1
Exp3,20201026AW10,Pretest,10,1
Exp3,20201026IT06,Pretest,10,0
Exp3,20201027HO14,Pretest,10,0
Exp3,20201102HI13,Pretest,10,0
Exp3,20201110AM05,Pretest,10,1
Exp3,20190829KM01,Posttest,1,0
Exp3,20190903HI06,Posttest,1,0
Exp3,20190906MF13,Posttest,1,1
Exp3,20190906YI09,Posttest,1,1
Exp3,20200106SO02,Posttest,1,1
Exp3,20200125AO05,Posttest,1,0
Exp3,20200207KY14,Posttest,1,1
Exp3,20200207TT02,Posttest,1,1
Exp3,20200210RY10,Posttest,1,0
Exp3,20200210TK05,Posttest,1,0
Exp3,20200212RS06,Posttest,1,0
Exp3,20200219AK14,Posttest,1,0
Exp3,20200219RO10,Posttest,1,1
Exp3,20200219TY13,Posttest,1,0
Exp3,20200221SY09,Posttest,1,0
Exp3,20201019RC01,Posttest,1,0
Exp3,20201019RT02,Posttest,1,0
Exp3,20201020RS09,Posttest,1,1
Exp3,20201020YO01,Posttest,1,1
Exp3,20201026AW10,Posttest,1,1
Exp3,20201026IT06,Posttest,1,0
Exp3,20201027HO14,Posttest,1,1
Exp3,20201102HI13,Posttest,1,0
Exp3,20201110AM05,Posttest,1,1
Exp3,20190829KM01,Posttest,2,0
Exp3,20190903HI06,Posttest,2,0
Exp3,20190906MF13,Posttest,2,1
Exp3,20190906YI09,Posttest,2,1
Exp3,20200106SO02,Posttest,2,1
Exp3,20200125AO05,Posttest,2,0
Exp3,20200207KY14,Posttest,2,0
Exp3,20200207TT02,Posttest,2,1
Exp3,20200210RY10,Posttest,2,0
Exp3,20200210TK05,Posttest,2,0
Exp3,20200212RS06,Posttest,2,0
Exp3,20200219AK14,Posttest,2,1
Exp3,20200219RO10,Posttest,2,0
Exp3,20200219TY13,Posttest,2,1
Exp3,20200221SY09,Posttest,2,1
Exp3,20201019RC01,Posttest,2,1
Exp3,20201019RT02,Posttest,2,1
Exp3,20201020RS09,Posttest,2,0
Exp3,20201020YO01,Posttest,2,1
Exp3,20201026AW10,Posttest,2,0
Exp3,20201026IT06,Posttest,2,1
Exp3,20201027HO14,Posttest,2,1
Exp3,20201102HI13,Posttest,2,1
Exp3,20201110AM05,Posttest,2,1
Exp3,20190829KM01,Posttest,3,0
Exp3,20190903HI06,Posttest,3,1
Exp3,20190906MF13,Posttest,3,0
Exp3,20190906YI09,Posttest,3,0
Exp3,20200106SO02,Posttest,3,1
Exp3,20200125AO05,Posttest,3,0
Exp3,20200207KY14,Posttest,3,1
Exp3,20200207TT02,Posttest,3,0
Exp3,20200210RY10,Posttest,3,1
Exp3,20200210TK05,Posttest,3,1
Exp3,20200212RS06,Posttest,3,0
Exp3,20200219AK14,Posttest,3,0
Exp3,20200219RO10,Posttest,3,0
Exp3,20200219TY13,Posttest,3,1
Exp3,20200221SY09,Posttest,3,0
Exp3,20201019RC01,Posttest,3,1
Exp3,20201019RT02,Posttest,3,0
Exp3,20201020RS09,Posttest,3,0
Exp3,20201020YO01,Posttest,3,0
Exp3,20201026AW10,Posttest,3,1
Exp3,20201026IT06,Posttest,3,0
Exp3,20201027HO14,Posttest,3,1
Exp3,20201102HI13,Posttest,3,0
Exp3,20201110AM05,Posttest,3,0
Exp3,20190829KM01,Posttest,4,0
Exp3,20190903HI06,Posttest,4,0
Exp3,20190906MF13,Posttest,4,0
Exp3,20190906YI09,Posttest,4,1
Exp3,20200106SO02,Posttest,4,1
Exp3,20200125AO05,Posttest,4,1
Exp3,20200207KY14,Posttest,4,0
Exp3,20200207TT02,Posttest,4,1
Exp3,20200210RY10,Posttest,4,0
Exp3,20200210TK05,Posttest,4,0
Exp3,20200212RS06,Posttest,4,1
Exp3,20200219AK14,Posttest,4,0
Exp3,20200219RO10,Posttest,4,0
Exp3,20200219TY13,Posttest,4,0
Exp3,20200221SY09,Posttest,4,0
Exp3,20201019RC01,Posttest,4,0
Exp3,20201019RT02,Posttest,4,0
Exp3,20201020RS09,Posttest,4,1
Exp3,20201020YO01,Posttest,4,1
Exp3,20201026AW10,Posttest,4,1
Exp3,20201026IT06,Posttest,4,1
Exp3,20201027HO14,Posttest,4,0
Exp3,20201102HI13,Posttest,4,0
Exp3,20201110AM05,Posttest,4,1
Exp3,20190829KM01,Posttest,5,1
Exp3,20190903HI06,Posttest,5,0
Exp3,20190906MF13,Posttest,5,1
Exp3,20190906YI09,Posttest,5,1
Exp3,20200106SO02,Posttest,5,0
Exp3,20200125AO05,Posttest,5,1
Exp3,20200207KY14,Posttest,5,1
Exp3,20200207TT02,Posttest,5,0
Exp3,20200210RY10,Posttest,5,1
Exp3,20200210TK05,Posttest,5,0
Exp3,20200212RS06,Posttest,5,0
Exp3,20200219AK14,Posttest,5,1
Exp3,20200219RO10,Posttest,5,1
Exp3,20200219TY13,Posttest,5,0
Exp3,20200221SY09,Posttest,5,1
Exp3,20201019RC01,Posttest,5,0
Exp3,20201019RT02,Posttest,5,0
Exp3,20201020RS09,Posttest,5,1
Exp3,20201020YO01,Posttest,5,1
Exp3,20201026AW10,Posttest,5,0
Exp3,20201026IT06,Posttest,5,1
Exp3,20201027HO14,Posttest,5,0
Exp3,20201102HI13,Posttest,5,0
Exp3,20201110AM05,Posttest,5,1
Exp3,20190829KM01,Posttest,6,0
Exp3,20190903HI06,Posttest,6,1
Exp3,20190906MF13,Posttest,6,1
Exp3,20190906YI09,Posttest,6,1
Exp3,20200106SO02,Posttest,6,0
Exp3,20200125AO05,Posttest,6,0
Exp3,20200207KY14,Posttest,6,1
Exp3,20200207TT02,Posttest,6,0
Exp3,20200210RY10,Posttest,6,1
Exp3,20200210TK05,Posttest,6,1
Exp3,20200212RS06,Posttest,6,0
Exp3,20200219AK14,Posttest,6,0
Exp3,20200219RO10,Posttest,6,0
Exp3,20200219TY13,Posttest,6,0
Exp3,20200221SY09,Posttest,6,1
Exp3,20201019RC01,Posttest,6,1
Exp3,20201019RT02,Posttest,6,0
Exp3,20201020RS09,Posttest,6,1
Exp3,20201020YO01,Posttest,6,1
Exp3,20201026AW10,Posttest,6,0
Exp3,20201026IT06,Posttest,6,1
Exp3,20201027HO14,Posttest,6,1
Exp3,20201102HI13,Posttest,6,1
Exp3,20201110AM05,Posttest,6,0
Exp3,20190829KM01,Posttest,7,1
Exp3,20190903HI06,Posttest,7,1
Exp3,20190906MF13,Posttest,7,1
Exp3,20190906YI09,Posttest,7,0
Exp3,20200106SO02,Posttest,7,1
Exp3,20200125AO05,Posttest,7,0
Exp3,20200207KY14,Posttest,7,0
Exp3,20200207TT02,Posttest,7,1
Exp3,20200210RY10,Posttest,7,0
Exp3,20200210TK05,Posttest,7,1
Exp3,20200212RS06,Posttest,7,0
Exp3,20200219AK14,Posttest,7,1
Exp3,20200219RO10,Posttest,7,1
Exp3,20200219TY13,Posttest,7,1
Exp3,20200221SY09,Posttest,7,0
Exp3,20201019RC01,Posttest,7,1
Exp3,20201019RT02,Posttest,7,0
Exp3,20201020RS09,Posttest,7,0
Exp3,20201020YO01,Posttest,7,0
Exp3,20201026AW10,Posttest,7,1
Exp3,20201026IT06,Posttest,7,0
Exp3,20201027HO14,Posttest,7,1
Exp3,20201102HI13,Posttest,7,1
Exp3,20201110AM05,Posttest,7,1
Exp3,20190829KM01,Posttest,8,1
Exp3,20190903HI06,Posttest,8,1
Exp3,20190906MF13,Posttest,8,1
Exp3,20190906YI09,Posttest,8,0
Exp3,20200106SO02,Posttest,8,1
Exp3,20200125AO05,Posttest,8,0
Exp3,20200207KY14,Posttest,8,0
Exp3,20200207TT02,Posttest,8,0
Exp3,20200210RY10,Posttest,8,1
Exp3,20200210TK05,Posttest,8,1
Exp3,20200212RS06,Posttest,8,0
Exp3,20200219AK14,Posttest,8,0
Exp3,20200219RO10,Posttest,8,1
Exp3,20200219TY13,Posttest,8,1
Exp3,20200221SY09,Posttest,8,1
Exp3,20201019RC01,Posttest,8,0
Exp3,20201019RT02,Posttest,8,0
Exp3,20201020RS09,Posttest,8,0
Exp3,20201020YO01,Posttest,8,0
Exp3,20201026AW10,Posttest,8,0
Exp3,20201026IT06,Posttest,8,1
Exp3,20201027HO14,Posttest,8,0
Exp3,20201102HI13,Posttest,8,1
Exp3,20201110AM05,Posttest,8,1
Exp3,20190829KM01,Posttest,9,1
Exp3,20190903HI06,Posttest,9,0
Exp3,20190906MF13,Posttest,9,0
Exp3,20190906YI09,Posttest,9,1
Exp3,20200106SO02,Posttest,9,1
Exp3,20200125AO05,Posttest,9,0
Exp3,20200207KY14,Posttest,9,0
Exp3,20200207TT02,Posttest,9,0
Exp3,20200210RY10,Posttest,9,1
Exp3,20200210TK05,Posttest,9,1
Exp3,20200212RS06,Posttest,9,0
Exp3,20200219AK14,Posttest,9,1
Exp3,20200219RO10,Posttest,9,0
Exp3,20200219TY13,Posttest,9,1
Exp3,20200221SY09,Posttest,9,1
Exp3,20201019RC01,Posttest,9,1
Exp3,20201019RT02,Posttest,9,0
Exp3,20201020RS09,Posttest,9,1
Exp3,20201020YO01,Posttest,9,0
Exp3,20201026AW10,Posttest,9,0
Exp3,20201026IT06,Posttest,9,1
Exp3,20201027HO14,Posttest,9,0
Exp3,20201102HI13,Posttest,9,0
Exp3,20201110AM05,Posttest,9,0
Exp3,20190829KM01,Posttest,10,0
Exp3,20190903HI06,Posttest,10,0
Exp3,20190906MF13,Posttest,10,1
Exp3,20190906YI09,Posttest,10,0
Exp3,20200106SO02,Posttest,10,1
Exp3,20200125AO05,Posttest,10,0
Exp3,20200207KY14,Posttest,10,1
Exp3,20200207TT02,Posttest,10,1
Exp3,20200210RY10,Posttest,10,1
Exp3,20200210TK05,Posttest,10,1
Exp3,20200212RS06,Posttest,10,0
Exp3,20200219AK14,Posttest,10,0
Exp3,20200219RO10,Posttest,10,0
Exp3,20200219TY13,Posttest,10,0
Exp3,20200221SY09,Posttest,10,1
Exp3,20201019RC01,Posttest,10,0
Exp3,20201019RT02,Posttest,10,0
Exp3,20201020RS09,Posttest,10,1
Exp3,20201020YO01,Posttest,10,0
Exp3,20201026AW10,Posttest,10,1
Exp3,20201026IT06,Posttest,10,1
Exp3,20201027HO14,Posttest,10,0
Exp3,20201102HI13,Posttest,10,1
Exp3,20201110AM05,Posttest,10,0
Exp4,20180830YE01,Pretest,1,0
Exp4,20180928HY01,Pretest,1,0
Exp4,20180928TY02,Pretest,1,0
Exp4,20181005YS09,Pretest,1,0
Exp4,20181019KH13,Pretest,1,1
Exp4,20181026AS02,Pretest,1,1
Exp4,20181030RI14,Pretest,1,1
Exp4,20181030SU05,Pretest,1,1
Exp4,20181106YT06,Pretest,1,1
Exp4,20181109KM02,Pretest,1,1
Exp4,20181204RT13b,Pretest,1,0
Exp4,20181204SK14,Pretest,1,1
Exp4,20181207RK01,Pretest,1,1
Exp4,20181211KO06,Pretest,1,1
Exp4,20181211RM10,Pretest,1,1
Exp4,20190115JY09,Pretest,1,0
Exp4,20190123NM14,Pretest,1,0
Exp4,20190125MS09,Pretest,1,1
Exp4,20190205WA10,Pretest,1,0
Exp4,20190214CM05,Pretest,1,0
Exp4,20190214HY13,Pretest,1,0
Exp4,20190218HO05,Pretest,1,1
Exp4,20190223YN06,Pretest,1,0
Exp4,2019020410YI10,Pretest,1,1
Exp4,20180830YE01,Pretest,2,0
Exp4,20180928HY01,Pretest,2,0
Exp4,20180928TY02,Pretest,2,0
Exp4,20181005YS09,Pretest,2,0
Exp4,20181019KH13,Pretest,2,1
Exp4,20181026AS02,Pretest,2,1
Exp4,20181030RI14,Pretest,2,1
Exp4,20181030SU05,Pretest,2,0
Exp4,20181106YT06,Pretest,2,0
Exp4,20181109KM02,Pretest,2,0
Exp4,20181204RT13b,Pretest,2,1
Exp4,20181204SK14,Pretest,2,1
Exp4,20181207RK01,Pretest,2,0
Exp4,20181211KO06,Pretest,2,0
Exp4,20181211RM10,Pretest,2,1
Exp4,20190115JY09,Pretest,2,0
Exp4,20190123NM14,Pretest,2,0
Exp4,20190125MS09,Pretest,2,0
Exp4,20190205WA10,Pretest,2,0
Exp4,20190214CM05,Pretest,2,1
Exp4,20190214HY13,Pretest,2,1
Exp4,20190218HO05,Pretest,2,0
Exp4,20190223YN06,Pretest,2,0
Exp4,2019020410YI10,Pretest,2,1
Exp4,20180830YE01,Pretest,3,1
Exp4,20180928HY01,Pretest,3,0
Exp4,20180928TY02,Pretest,3,1
Exp4,20181005YS09,Pretest,3,0
Exp4,20181019KH13,Pretest,3,0
Exp4,20181026AS02,Pretest,3,1
Exp4,20181030RI14,Pretest,3,0
Exp4,20181030SU05,Pretest,3,0
Exp4,20181106YT06,Pretest,3,0
Exp4,20181109KM02,Pretest,3,1
Exp4,20181204RT13b,Pretest,3,1
Exp4,20181204SK14,Pretest,3,0
Exp4,20181207RK01,Pretest,3,0
Exp4,20181211KO06,Pretest,3,0
Exp4,20181211RM10,Pretest,3,1
Exp4,20190115JY09,Pretest,3,0
Exp4,20190123NM14,Pretest,3,1
Exp4,20190125MS09,Pretest,3,1
Exp4,20190205WA10,Pretest,3,0
Exp4,20190214CM05,Pretest,3,1
Exp4,20190214HY13,Pretest,3,0
Exp4,20190218HO05,Pretest,3,0
Exp4,20190223YN06,Pretest,3,0
Exp4,2019020410YI10,Pretest,3,0
Exp4,20180830YE01,Pretest,4,1
Exp4,20180928HY01,Pretest,4,0
Exp4,20180928TY02,Pretest,4,0
Exp4,20181005YS09,Pretest,4,0
Exp4,20181019KH13,Pretest,4,0
Exp4,20181026AS02,Pretest,4,1
Exp4,20181030RI14,Pretest,4,1
Exp4,20181030SU05,Pretest,4,0
Exp4,20181106YT06,Pretest,4,1
Exp4,20181109KM02,Pretest,4,1
Exp4,20181204RT13b,Pretest,4,1
Exp4,20181204SK14,Pretest,4,1
Exp4,20181207RK01,Pretest,4,0
Exp4,20181211KO06,Pretest,4,1
Exp4,20181211RM10,Pretest,4,1
Exp4,20190115JY09,Pretest,4,1
Exp4,20190123NM14,Pretest,4,0
Exp4,20190125MS09,Pretest,4,0
Exp4,20190205WA10,Pretest,4,1
Exp4,20190214CM05,Pretest,4,1
Exp4,20190214HY13,Pretest,4,1
Exp4,20190218HO05,Pretest,4,0
Exp4,20190223YN06,Pretest,4,0
Exp4,2019020410YI10,Pretest,4,0
Exp4,20180830YE01,Pretest,5,0
Exp4,20180928HY01,Pretest,5,0
Exp4,20180928TY02,Pretest,5,1
Exp4,20181005YS09,Pretest,5,0
Exp4,20181019KH13,Pretest,5,0
Exp4,20181026AS02,Pretest,5,0
Exp4,20181030RI14,Pretest,5,1
Exp4,20181030SU05,Pretest,5,0
Exp4,20181106YT06,Pretest,5,1
Exp4,20181109KM02,Pretest,5,1
Exp4,20181204RT13b,Pretest,5,1
Exp4,20181204SK14,Pretest,5,1
Exp4,20181207RK01,Pretest,5,0
Exp4,20181211KO06,Pretest,5,0
Exp4,20181211RM10,Pretest,5,1
Exp4,20190115JY09,Pretest,5,1
Exp4,20190123NM14,Pretest,5,0
Exp4,20190125MS09,Pretest,5,0
Exp4,20190205WA10,Pretest,5,1
Exp4,20190214CM05,Pretest,5,1
Exp4,20190214HY13,Pretest,5,1
Exp4,20190218HO05,Pretest,5,0
Exp4,20190223YN06,Pretest,5,0
Exp4,2019020410YI10,Pretest,5,0
Exp4,20180830YE01,Pretest,6,1
Exp4,20180928HY01,Pretest,6,0
Exp4,20180928TY02,Pretest,6,0
Exp4,20181005YS09,Pretest,6,1
Exp4,20181019KH13,Pretest,6,0
Exp4,20181026AS02,Pretest,6,1
Exp4,20181030RI14,Pretest,6,0
Exp4,20181030SU05,Pretest,6,0
Exp4,20181106YT06,Pretest,6,0
Exp4,20181109KM02,Pretest,6,1
Exp4,20181204RT13b,Pretest,6,1
Exp4,20181204SK14,Pretest,6,0
Exp4,20181207RK01,Pretest,6,1
Exp4,20181211KO06,Pretest,6,1
Exp4,20181211RM10,Pretest,6,1
Exp4,20190115JY09,Pretest,6,1
Exp4,20190123NM14,Pretest,6,1
Exp4,20190125MS09,Pretest,6,0
Exp4,20190205WA10,Pretest,6,1
Exp4,20190214CM05,Pretest,6,1
Exp4,20190214HY13,Pretest,6,1
Exp4,20190218HO05,Pretest,6,1
Exp4,20190223YN06,Pretest,6,0
Exp4,2019020410YI10,Pretest,6,0
Exp4,20180830YE01,Pretest,7,0
Exp4,20180928HY01,Pretest,7,0
Exp4,20180928TY02,Pretest,7,0
Exp4,20181005YS09,Pretest,7,0
Exp4,20181019KH13,Pretest,7,0
Exp4,20181026AS02,Pretest,7,0
Exp4,20181030RI14,Pretest,7,1
Exp4,20181030SU05,Pretest,7,0
Exp4,20181106YT06,Pretest,7,0
Exp4,20181109KM02,Pretest,7,1
Exp4,20181204RT13b,Pretest,7,1
Exp4,20181204SK14,Pretest,7,1
Exp4,20181207RK01,Pretest,7,1
Exp4,20181211KO06,Pretest,7,0
Exp4,20181211RM10,Pretest,7,1
Exp4,20190115JY09,Pretest,7,0
Exp4,20190123NM14,Pretest,7,1
Exp4,20190125MS09,Pretest,7,0
Exp4,20190205WA10,Pretest,7,1
Exp4,20190214CM05,Pretest,7,0
Exp4,20190214HY13,Pretest,7,1
Exp4,20190218HO05,Pretest,7,0
Exp4,20190223YN06,Pretest,7,0
Exp4,2019020410YI10,Pretest,7,0
Exp4,20180830YE01,Pretest,8,1
Exp4,20180928HY01,Pretest,8,0
Exp4,20180928TY02,Pretest,8,0
Exp4,20181005YS09,Pretest,8,0
Exp4,20181019KH13,Pretest,8,1
Exp4,20181026AS02,Pretest,8,1
Exp4,20181030RI14,Pretest,8,0
Exp4,20181030SU05,Pretest,8,1
Exp4,20181106YT06,Pretest,8,1
Exp4,20181109KM02,Pretest,8,1
Exp4,20181204RT13b,Pretest,8,1
Exp4,20181204SK14,Pretest,8,0
Exp4,20181207RK01,Pretest,8,0
Exp4,20181211KO06,Pretest,8,0
Exp4,20181211RM10,Pretest,8,1
Exp4,20190115JY09,Pretest,8,0
Exp4,20190123NM14,Pretest,8,1
Exp4,20190125MS09,Pretest,8,1
Exp4,20190205WA10,Pretest,8,0
Exp4,20190214CM05,Pretest,8,0
Exp4,20190214HY13,Pretest,8,1
Exp4,20190218HO05,Pretest,8,0
Exp4,20190223YN06,Pretest,8,0
Exp4,2019020410YI10,Pretest,8,1
Exp4,20180830YE01,Pretest,9,0
Exp4,20180928HY01,Pretest,9,1
Exp4,20180928TY02,Pretest,9,0
Exp4,20181005YS09,Pretest,9,0
Exp4,20181019KH13,Pretest,9,0
Exp4,20181026AS02,Pretest,9,1
Exp4,20181030RI14,Pretest,9,1
Exp4,20181030SU05,Pretest,9,1
Exp4,20181106YT06,Pretest,9,1
Exp4,20181109KM02,Pretest,9,0
Exp4,20181204RT13b,Pretest,9,1
Exp4,20181204SK14,Pretest,9,0
Exp4,20181207RK01,Pretest,9,1
Exp4,20181211KO06,Pretest,9,0
Exp4,20181211RM10,Pretest,9,1
Exp4,20190115JY09,Pretest,9,0
Exp4,20190123NM14,Pretest,9,1
Exp4,20190125MS09,Pretest,9,0
Exp4,20190205WA10,Pretest,9,0
Exp4,20190214CM05,Pretest,9,0
Exp4,20190214HY13,Pretest,9,1
Exp4,20190218HO05,Pretest,9,0
Exp4,20190223YN06,Pretest,9,0
Exp4,2019020410YI10,Pretest,9,1
Exp4,20180830YE01,Pretest,10,0
Exp4,20180928HY01,Pretest,10,1
Exp4,20180928TY02,Pretest,10,0
Exp4,20181005YS09,Pretest,10,0
Exp4,20181019KH13,Pretest,10,0
Exp4,20181026AS02,Pretest,10,0
Exp4,20181030RI14,Pretest,10,1
Exp4,20181030SU05,Pretest,10,0
Exp4,20181106YT06,Pretest,10,1
Exp4,20181109KM02,Pretest,10,0
Exp4,20181204RT13b,Pretest,10,0
Exp4,20181204SK14,Pretest,10,0
Exp4,20181207RK01,Pretest,10,1
Exp4,20181211KO06,Pretest,10,1
Exp4,20181211RM10,Pretest,10,1
Exp4,20190115JY09,Pretest,10,1
Exp4,20190123NM14,Pretest,10,0
Exp4,20190125MS09,Pretest,10,0
Exp4,20190205WA10,Pretest,10,1
Exp4,20190214CM05,Pretest,10,0
Exp4,20190214HY13,Pretest,10,1
Exp4,20190218HO05,Pretest,10,1
Exp4,20190223YN06,Pretest,10,1
Exp4,2019020410YI10,Pretest,10,1
Exp4,20180830YE01,Posttest,1,0
Exp4,20180928HY01,Posttest,1,1
Exp4,20180928TY02,Posttest,1,0
Exp4,20181005YS09,Posttest,1,1
Exp4,20181019KH13,Posttest,1,0
Exp4,20181026AS02,Posttest,1,0
Exp4,20181030RI14,Posttest,1,1
Exp4,20181030SU05,Posttest,1,1
Exp4,20181106YT06,Posttest,1,1
Exp4,20181109KM02,Posttest,1,1
Exp4,20181204RT13b,Posttest,1,0
Exp4,20181204SK14,Posttest,1,1
Exp4,20181207RK01,Posttest,1,0
Exp4,20181211KO06,Posttest,1,1
Exp4,20181211RM10,Posttest,1,1
Exp4,20190115JY09,Posttest,1,0
Exp4,20190123NM14,Posttest,1,0
Exp4,20190125MS09,Posttest,1,1
Exp4,20190205WA10,Posttest,1,0
Exp4,20190214CM05,Posttest,1,0
Exp4,20190214HY13,Posttest,1,0
Exp4,20190218HO05,Posttest,1,1
Exp4,20190223YN06,Posttest,1,1
Exp4,2019020410YI10,Posttest,1,1
Exp4,20180830YE01,Posttest,2,0
Exp4,20180928HY01,Posttest,2,1
Exp4,20180928TY02,Posttest,2,0
Exp4,20181005YS09,Posttest,2,1
Exp4,20181019KH13,Posttest,2,1
Exp4,20181026AS02,Posttest,2,1
Exp4,20181030RI14,Posttest,2,1
Exp4,20181030SU05,Posttest,2,1
Exp4,20181106YT06,Posttest,2,0
Exp4,20181109KM02,Posttest,2,1
Exp4,20181204RT13b,Posttest,2,1
Exp4,20181204SK14,Posttest,2,1
Exp4,20181207RK01,Posttest,2,1
Exp4,20181211KO06,Posttest,2,1
Exp4,20181211RM10,Posttest,2,1
Exp4,20190115JY09,Posttest,2,1
Exp4,20190123NM14,Posttest,2,0
Exp4,20190125MS09,Posttest,2,1
Exp4,20190205WA10,Posttest,2,0
Exp4,20190214CM05,Posttest,2,0
Exp4,20190214HY13,Posttest,2,1
Exp4,20190218HO05,Posttest,2,0
Exp4,20190223YN06,Posttest,2,1
Exp4,2019020410YI10,Posttest,2,1
Exp4,20180830YE01,Posttest,3,0
Exp4,20180928HY01,Posttest,3,1
Exp4,20180928TY02,Posttest,3,0
Exp4,20181005YS09,Posttest,3,1
Exp4,20181019KH13,Posttest,3,1
Exp4,20181026AS02,Posttest,3,0
Exp4,20181030RI14,Posttest,3,1
Exp4,20181030SU05,Posttest,3,1
Exp4,20181106YT06,Posttest,3,0
Exp4,20181109KM02,Posttest,3,1
Exp4,20181204RT13b,Posttest,3,1
Exp4,20181204SK14,Posttest,3,1
Exp4,20181207RK01,Posttest,3,1
Exp4,20181211KO06,Posttest,3,0
Exp4,20181211RM10,Posttest,3,1
Exp4,20190115JY09,Posttest,3,1
Exp4,20190123NM14,Posttest,3,1
Exp4,20190125MS09,Posttest,3,1
Exp4,20190205WA10,Posttest,3,0
Exp4,20190214CM05,Posttest,3,0
Exp4,20190214HY13,Posttest,3,0
Exp4,20190218HO05,Posttest,3,0
Exp4,20190223YN06,Posttest,3,1
Exp4,2019020410YI10,Posttest,3,0
Exp4,20180830YE01,Posttest,4,0
Exp4,20180928HY01,Posttest,4,1
Exp4,20180928TY02,Posttest,4,0
Exp4,20181005YS09,Posttest,4,1
Exp4,20181019KH13,Posttest,4,0
Exp4,20181026AS02,Posttest,4,1
Exp4,20181030RI14,Posttest,4,1
Exp4,20181030SU05,Posttest,4,0
Exp4,20181106YT06,Posttest,4,1
Exp4,20181109KM02,Posttest,4,1
Exp4,20181204RT13b,Posttest,4,0
Exp4,20181204SK14,Posttest,4,1
Exp4,20181207RK01,Posttest,4,1
Exp4,20181211KO06,Posttest,4,0
Exp4,20181211RM10,Posttest,4,1
Exp4,20190115JY09,Posttest,4,0
Exp4,20190123NM14,Posttest,4,0
Exp4,20190125MS09,Posttest,4,0
Exp4,20190205WA10,Posttest,4,1
Exp4,20190214CM05,Posttest,4,0
Exp4,20190214HY13,Posttest,4,1
Exp4,20190218HO05,Posttest,4,1
Exp4,20190223YN06,Posttest,4,0
Exp4,2019020410YI10,Posttest,4,0
Exp4,20180830YE01,Posttest,5,0
Exp4,20180928HY01,Posttest,5,0
Exp4,20180928TY02,Posttest,5,1
Exp4,20181005YS09,Posttest,5,1
Exp4,20181019KH13,Posttest,5,0
Exp4,20181026AS02,Posttest,5,1
Exp4,20181030RI14,Posttest,5,1
Exp4,20181030SU05,Posttest,5,0
Exp4,20181106YT06,Posttest,5,1
Exp4,20181109KM02,Posttest,5,1
Exp4,20181204RT13b,Posttest,5,1
Exp4,20181204SK14,Posttest,5,0
Exp4,20181207RK01,Posttest,5,1
Exp4,20181211KO06,Posttest,5,0
Exp4,20181211RM10,Posttest,5,1
Exp4,20190115JY09,Posttest,5,0
Exp4,20190123NM14,Posttest,5,0
Exp4,20190125MS09,Posttest,5,0
Exp4,20190205WA10,Posttest,5,1
Exp4,20190214CM05,Posttest,5,0
Exp4,20190214HY13,Posttest,5,1
Exp4,20190218HO05,Posttest,5,0
Exp4,20190223YN06,Posttest,5,0
Exp4,2019020410YI10,Posttest,5,1
Exp4,20180830YE01,Posttest,6,0
Exp4,20180928HY01,Posttest,6,0
Exp4,20180928TY02,Posttest,6,0
Exp4,20181005YS09,Posttest,6,1
Exp4,20181019KH13,Posttest,6,1
Exp4,20181026AS02,Posttest,6,1
Exp4,20181030RI14,Posttest,6,0
Exp4,20181030SU05,Posttest,6,0
Exp4,20181106YT06,Posttest,6,1
Exp4,20181109KM02,Posttest,6,1
Exp4,20181204RT13b,Posttest,6,1
Exp4,20181204SK14,Posttest,6,0
Exp4,20181207RK01,Posttest,6,1
Exp4,20181211KO06,Posttest,6,1
Exp4,20181211RM10,Posttest,6,1
Exp4,20190115JY09,Posttest,6,0
Exp4,20190123NM14,Posttest,6,0
Exp4,20190125MS09,Posttest,6,0
Exp4,20190205WA10,Posttest,6,1
Exp4,20190214CM05,Posttest,6,0
Exp4,20190214HY13,Posttest,6,1
Exp4,20190218HO05,Posttest,6,0
Exp4,20190223YN06,Posttest,6,1
Exp4,2019020410YI10,Posttest,6,1
Exp4,20180830YE01,Posttest,7,0
Exp4,20180928HY01,Posttest,7,0
Exp4,20180928TY02,Posttest,7,0
Exp4,20181005YS09,Posttest,7,1
Exp4,20181019KH13,Posttest,7,0
Exp4,20181026AS02,Posttest,7,1
Exp4,20181030RI14,Posttest,7,0
Exp4,20181030SU05,Posttest,7,1
Exp4,20181106YT06,Posttest,7,1
Exp4,20181109KM02,Posttest,7,1
Exp4,20181204RT13b,Posttest,7,0
Exp4,20181204SK14,Posttest,7,1
Exp4,20181207RK01,Posttest,7,1
Exp4,20181211KO06,Posttest,7,0
Exp4,20181211RM10,Posttest,7,1
Exp4,20190115JY09,Posttest,7,0
Exp4,20190123NM14,Posttest,7,0
Exp4,20190125MS09,Posttest,7,0
Exp4,20190205WA10,Posttest,7,1
Exp4,20190214CM05,Posttest,7,0
Exp4,20190214HY13,Posttest,7,1
Exp4,20190218HO05,Posttest,7,0
Exp4,20190223YN06,Posttest,7,1
Exp4,2019020410YI10,Posttest,7,1
Exp4,20180830YE01,Posttest,8,1
Exp4,20180928HY01,Posttest,8,0
Exp4,20180928TY02,Posttest,8,1
Exp4,20181005YS09,Posttest,8,0
Exp4,20181019KH13,Posttest,8,0
Exp4,20181026AS02,Posttest,8,1
Exp4,20181030RI14,Posttest,8,1
Exp4,20181030SU05,Posttest,8,1
Exp4,20181106YT06,Posttest,8,0
Exp4,20181109KM02,Posttest,8,1
Exp4,20181204RT13b,Posttest,8,1
Exp4,20181204SK14,Posttest,8,0
Exp4,20181207RK01,Posttest,8,1
Exp4,20181211KO06,Posttest,8,0
Exp4,20181211RM10,Posttest,8,1
Exp4,20190115JY09,Posttest,8,0
Exp4,20190123NM14,Posttest,8,0
Exp4,20190125MS09,Posttest,8,0
Exp4,20190205WA10,Posttest,8,0
Exp4,20190214CM05,Posttest,8,0
Exp4,20190214HY13,Posttest,8,1
Exp4,20190218HO05,Posttest,8,1
Exp4,20190223YN06,Posttest,8,1
Exp4,2019020410YI10,Posttest,8,0
Exp4,20180830YE01,Posttest,9,1
Exp4,20180928HY01,Posttest,9,1
Exp4,20180928TY02,Posttest,9,0
Exp4,20181005YS09,Posttest,9,1
Exp4,20181019KH13,Posttest,9,0
Exp4,20181026AS02,Posttest,9,1
Exp4,20181030RI14,Posttest,9,1
Exp4,20181030SU05,Posttest,9,1
Exp4,20181106YT06,Posttest,9,1
Exp4,20181109KM02,Posttest,9,0
Exp4,20181204RT13b,Posttest,9,1
Exp4,20181204SK14,Posttest,9,0
Exp4,20181207RK01,Posttest,9,1
Exp4,20181211KO06,Posttest,9,0
Exp4,20181211RM10,Posttest,9,1
Exp4,20190115JY09,Posttest,9,0
Exp4,20190123NM14,Posttest,9,0
Exp4,20190125MS09,Posttest,9,0
Exp4,20190205WA10,Posttest,9,0
Exp4,20190214CM05,Posttest,9,0
Exp4,20190214HY13,Posttest,9,1
Exp4,20190218HO05,Posttest,9,0
Exp4,20190223YN06,Posttest,9,0
Exp4,2019020410YI10,Posttest,9,1
Exp4,20180830YE01,Posttest,10,1
Exp4,20180928HY01,Posttest,10,0
Exp4,20180928TY02,Posttest,10,1
Exp4,20181005YS09,Posttest,10,1
Exp4,20181019KH13,Posttest,10,1
Exp4,20181026AS02,Posttest,10,1
Exp4,20181030RI14,Posttest,10,0
Exp4,20181030SU05,Posttest,10,0
Exp4,20181106YT06,Posttest,10,1
Exp4,20181109KM02,Posttest,10,0
Exp4,20181204RT13b,Posttest,10,1
Exp4,20181204SK14,Posttest,10,1
Exp4,20181207RK01,Posttest,10,1
Exp4,20181211KO06,Posttest,10,1
Exp4,20181211RM10,Posttest,10,1
Exp4,20190115JY09,Posttest,10,0
Exp4,20190123NM14,Posttest,10,0
Exp4,20190125MS09,Posttest,10,1
Exp4,20190205WA10,Posttest,10,0
Exp4,20190214CM05,Posttest,10,0
Exp4,20190214HY13,Posttest,10,1
Exp4,20190218HO05,Posttest,10,0
Exp4,20190223YN06,Posttest,10,0
Exp4,2019020410YI10,Posttest,10,0
Exp5,20180216SO_02,Pretest,1,1
Exp5,20180220CS_06,Pretest,1,0
Exp5,20180224TK_13,Pretest,1,0
Exp5,20180224TO_01a,Pretest,1,0
Exp5,20180306RO_10,Pretest,1,0
Exp5,20180307IN_05,Pretest,1,0
Exp5,20180307NH_14,Pretest,1,0
Exp5,20181026FO02,Pretest,1,0
Exp5,20181211ES13,Pretest,1,0
Exp5,20190218KM01,Pretest,1,0
Exp5,20190226TT10,Pretest,1,1
Exp5,20190801GA01,Pretest,1,0
Exp5,20190801MU06,Pretest,1,1
Exp5,20190805JM02,Pretest,1,0
Exp5,20190806EI09,Pretest,1,1
Exp5,20190808XN13,Pretest,1,1
Exp5,20190820MK10,Pretest,1,0
Exp5,20190821HT05,Pretest,1,1
Exp5,20190821MH09,Pretest,1,0
Exp5,20190827EM06,Pretest,1,0
Exp5,20190830RF05b,Pretest,1,1
Exp5,20190903SS14c,Pretest,1,0
Exp5,20190913SM14,Pretest,1,0
Exp5,20200120MK09,Pretest,1,1
Exp5,20180216SO_02,Pretest,2,0
Exp5,20180220CS_06,Pretest,2,0
Exp5,20180224TK_13,Pretest,2,1
Exp5,20180224TO_01a,Pretest,2,0
Exp5,20180306RO_10,Pretest,2,0
Exp5,20180307IN_05,Pretest,2,1
Exp5,20180307NH_14,Pretest,2,1
Exp5,20181026FO02,Pretest,2,0
Exp5,20181211ES13,Pretest,2,0
Exp5,20190218KM01,Pretest,2,1
Exp5,20190226TT10,Pretest,2,1
Exp5,20190801GA01,Pretest,2,0
Exp5,20190801MU06,Pretest,2,0
Exp5,20190805JM02,Pretest,2,1
Exp5,20190806EI09,Pretest,2,0
Exp5,20190808XN13,Pretest,2,1
Exp5,20190820MK10,Pretest,2,1
Exp5,20190821HT05,Pretest,2,1
Exp5,20190821MH09,Pretest,2,1
Exp5,20190827EM06,Pretest,2,0
Exp5,20190830RF05b,Pretest,2,0
Exp5,20190903SS14c,Pretest,2,1
Exp5,20190913SM14,Pretest,2,1
Exp5,20200120MK09,Pretest,2,1
Exp5,20180216SO_02,Pretest,3,1
Exp5,20180220CS_06,Pretest,3,1
Exp5,20180224TK_13,Pretest,3,1
Exp5,20180224TO_01a,Pretest,3,0
Exp5,20180306RO_10,Pretest,3,0
Exp5,20180307IN_05,Pretest,3,1
Exp5,20180307NH_14,Pretest,3,0
Exp5,20181026FO02,Pretest,3,0
Exp5,20181211ES13,Pretest,3,0
Exp5,20190218KM01,Pretest,3,0
Exp5,20190226TT10,Pretest,3,1
Exp5,20190801GA01,Pretest,3,1
Exp5,20190801MU06,Pretest,3,1
Exp5,20190805JM02,Pretest,3,0
Exp5,20190806EI09,Pretest,3,1
Exp5,20190808XN13,Pretest,3,1
Exp5,20190820MK10,Pretest,3,0
Exp5,20190821HT05,Pretest,3,0
Exp5,20190821MH09,Pretest,3,0
Exp5,20190827EM06,Pretest,3,0
Exp5,20190830RF05b,Pretest,3,0
Exp5,20190903SS14c,Pretest,3,0
Exp5,20190913SM14,Pretest,3,0
Exp5,20200120MK09,Pretest,3,0
Exp5,20180216SO_02,Pretest,4,1
Exp5,20180220CS_06,Pretest,4,1
Exp5,20180224TK_13,Pretest,4,1
Exp5,20180224TO_01a,Pretest,4,0
Exp5,20180306RO_10,Pretest,4,0
Exp5,20180307IN_05,Pretest,4,1
Exp5,20180307NH_14,Pretest,4,0
Exp5,20181026FO02,Pretest,4,1
Exp5,20181211ES13,Pretest,4,1
Exp5,20190218KM01,Pretest,4,0
Exp5,20190226TT10,Pretest,4,1
Exp5,20190801GA01,Pretest,4,0
Exp5,20190801MU06,Pretest,4,1
Exp5,20190805JM02,Pretest,4,1
Exp5,20190806EI09,Pretest,4,0
Exp5,20190808XN13,Pretest,4,1
Exp5,20190820MK10,Pretest,4,0
Exp5,20190821HT05,Pretest,4,0
Exp5,20190821MH09,Pretest,4,0
Exp5,20190827EM06,Pretest,4,0
Exp5,20190830RF05b,Pretest,4,1
Exp5,20190903SS14c,Pretest,4,1
Exp5,20190913SM14,Pretest,4,0
Exp5,20200120MK09,Pretest,4,1
Exp5,20180216SO_02,Pretest,5,1
Exp5,20180220CS_06,Pretest,5,1
Exp5,20180224TK_13,Pretest,5,0
Exp5,20180224TO_01a,Pretest,5,1
Exp5,20180306RO_10,Pretest,5,0
Exp5,20180307IN_05,Pretest,5,0
Exp5,20180307NH_14,Pretest,5,0
Exp5,20181026FO02,Pretest,5,1
Exp5,20181211ES13,Pretest,5,0
Exp5,20190218KM01,Pretest,5,0
Exp5,20190226TT10,Pretest,5,0
Exp5,20190801GA01,Pretest,5,1
Exp5,20190801MU06,Pretest,5,1
Exp5,20190805JM02,Pretest,5,1
Exp5,20190806EI09,Pretest,5,0
Exp5,20190808XN13,Pretest,5,0
Exp5,20190820MK10,Pretest,5,0
Exp5,20190821HT05,Pretest,5,0
Exp5,20190821MH09,Pretest,5,0
Exp5,20190827EM06,Pretest,5,1
Exp5,20190830RF05b,Pretest,5,1
Exp5,20190903SS14c,Pretest,5,1
Exp5,20190913SM14,Pretest,5,0
Exp5,20200120MK09,Pretest,5,1
Exp5,20180216SO_02,Pretest,6,1
Exp5,20180220CS_06,Pretest,6,0
Exp5,20180224TK_13,Pretest,6,0
Exp5,20180224TO_01a,Pretest,6,1
Exp5,20180306RO_10,Pretest,6,0
Exp5,20180307IN_05,Pretest,6,1
Exp5,20180307NH_14,Pretest,6,0
Exp5,20181026FO02,Pretest,6,1
Exp5,20181211ES13,Pretest,6,1
Exp5,20190218KM01,Pretest,6,0
Exp5,20190226TT10,Pretest,6,0
Exp5,20190801GA01,Pretest,6,0
Exp5,20190801MU06,Pretest,6,1
Exp5,20190805JM02,Pretest,6,0
Exp5,20190806EI09,Pretest,6,0
Exp5,20190808XN13,Pretest,6,1
Exp5,20190820MK10,Pretest,6,0
Exp5,20190821HT05,Pretest,6,1
Exp5,20190821MH09,Pretest,6,0
Exp5,20190827EM06,Pretest,6,0
Exp5,20190830RF05b,Pretest,6,0
Exp5,20190903SS14c,Pretest,6,1
Exp5,20190913SM14,Pretest,6,0
Exp5,20200120MK09,Pretest,6,1
Exp5,20180216SO_02,Pretest,7,0
Exp5,20180220CS_06,Pretest,7,1
Exp5,20180224TK_13,Pretest,7,0
Exp5,20180224TO_01a,Pretest,7,1
Exp5,20180306RO_10,Pretest,7,0
Exp5,20180307IN_05,Pretest,7,0
Exp5,20180307NH_14,Pretest,7,0
Exp5,20181026FO02,Pretest,7,1
Exp5,20181211ES13,Pretest,7,0
Exp5,20190218KM01,Pretest,7,0
Exp5,20190226TT10,Pretest,7,1
Exp5,20190801GA01,Pretest,7,1
Exp5,20190801MU06,Pretest,7,1
Exp5,20190805JM02,Pretest,7,0
Exp5,20190806EI09,Pretest,7,0
Exp5,20190808XN13,Pretest,7,1
Exp5,20190820MK10,Pretest,7,0
Exp5,20190821HT05,Pretest,7,1
Exp5,20190821MH09,Pretest,7,0
Exp5,20190827EM06,Pretest,7,1
Exp5,20190830RF05b,Pretest,7,0
Exp5,20190903SS14c,Pretest,7,1
Exp5,20190913SM14,Pretest,7,0
Exp5,20200120MK09,Pretest,7,1
Exp5,20180216SO_02,Pretest,8,0
Exp5,20180220CS_06,Pretest,8,1
Exp5,20180224TK_13,Pretest,8,0
Exp5,20180224TO_01a,Pretest,8,1
Exp5,20180306RO_10,Pretest,8,0
Exp5,20180307IN_05,Pretest,8,0
Exp5,20180307NH_14,Pretest,8,0
Exp5,20181026FO02,Pretest,8,0
Exp5,20181211ES13,Pretest,8,0
Exp5,20190218KM01,Pretest,8,1
Exp5,20190226TT10,Pretest,8,1
Exp5,20190801GA01,Pretest,8,0
Exp5,20190801MU06,Pretest,8,1
Exp5,20190805JM02,Pretest,8,1
Exp5,20190806EI09,Pretest,8,0
Exp5,20190808XN13,Pretest,8,1
Exp5,20190820MK10,Pretest,8,0
Exp5,20190821HT05,Pretest,8,1
Exp5,20190821MH09,Pretest,8,0
Exp5,20190827EM06,Pretest,8,0
Exp5,20190830RF05b,Pretest,8,0
Exp5,20190903SS14c,Pretest,8,0
Exp5,20190913SM14,Pretest,8,0
Exp5,20200120MK09,Pretest,8,1
Exp5,20180216SO_02,Pretest,9,0
Exp5,20180220CS_06,Pretest,9,0
Exp5,20180224TK_13,Pretest,9,1
Exp5,20180224TO_01a,Pretest,9,1
Exp5,20180306RO_10,Pretest,9,0
Exp5,20180307IN_05,Pretest,9,1
Exp5,20180307NH_14,Pretest,9,0
Exp5,20181026FO02,Pretest,9,0
Exp5,20181211ES13,Pretest,9,0
Exp5,20190218KM01,Pretest,9,0
Exp5,20190226TT10,Pretest,9,1
Exp5,20190801GA01,Pretest,9,1
Exp5,20190801MU06,Pretest,9,1
Exp5,20190805JM02,Pretest,9,1
Exp5,20190806EI09,Pretest,9,0
Exp5,20190808XN13,Pretest,9,0
Exp5,20190820MK10,Pretest,9,0
Exp5,20190821HT05,Pretest,9,1
Exp5,20190821MH09,Pretest,9,0
Exp5,20190827EM06,Pretest,9,1
Exp5,20190830RF05b,Pretest,9,0
Exp5,20190903SS14c,Pretest,9,0
Exp5,20190913SM14,Pretest,9,0
Exp5,20200120MK09,Pretest,9,0
Exp5,20180216SO_02,Pretest,10,0
Exp5,20180220CS_06,Pretest,10,0
Exp5,20180224TK_13,Pretest,10,1
Exp5,20180224TO_01a,Pretest,10,1
Exp5,20180306RO_10,Pretest,10,0
Exp5,20180307IN_05,Pretest,10,1
Exp5,20180307NH_14,Pretest,10,0
Exp5,20181026FO02,Pretest,10,0
Exp5,20181211ES13,Pretest,10,0
Exp5,20190218KM01,Pretest,10,1
Exp5,20190226TT10,Pretest,10,1
Exp5,20190801GA01,Pretest,10,0
Exp5,20190801MU06,Pretest,10,1
Exp5,20190805JM02,Pretest,10,0
Exp5,20190806EI09,Pretest,10,1
Exp5,20190808XN13,Pretest,10,0
Exp5,20190820MK10,Pretest,10,0
Exp5,20190821HT05,Pretest,10,1
Exp5,20190821MH09,Pretest,10,0
Exp5,20190827EM06,Pretest,10,0
Exp5,20190830RF05b,Pretest,10,0
Exp5,20190903SS14c,Pretest,10,1
Exp5,20190913SM14,Pretest,10,0
Exp5,20200120MK09,Pretest,10,0
Exp5,20180216SO_02,Posttest,1,0
Exp5,20180220CS_06,Posttest,1,1
Exp5,20180224TK_13,Posttest,1,0
Exp5,20180224TO_01a,Posttest,1,1
Exp5,20180306RO_10,Posttest,1,0
Exp5,20180307IN_05,Posttest,1,0
Exp5,20180307NH_14,Posttest,1,0
Exp5,20181026FO02,Posttest,1,0
Exp5,20181211ES13,Posttest,1,1
Exp5,20190218KM01,Posttest,1,0
Exp5,20190226TT10,Posttest,1,1
Exp5,20190801GA01,Posttest,1,1
Exp5,20190801MU06,Posttest,1,1
Exp5,20190805JM02,Posttest,1,0
Exp5,20190806EI09,Posttest,1,0
Exp5,20190808XN13,Posttest,1,0
Exp5,20190820MK10,Posttest,1,0
Exp5,20190821HT05,Posttest,1,1
Exp5,20190821MH09,Posttest,1,0
Exp5,20190827EM06,Posttest,1,1
Exp5,20190830RF05b,Posttest,1,1
Exp5,20190903SS14c,Posttest,1,0
Exp5,20190913SM14,Posttest,1,0
Exp5,20200120MK09,Posttest,1,1
Exp5,20180216SO_02,Posttest,2,1
Exp5,20180220CS_06,Posttest,2,1
Exp5,20180224TK_13,Posttest,2,1
Exp5,20180224TO_01a,Posttest,2,1
Exp5,20180306RO_10,Posttest,2,1
Exp5,20180307IN_05,Posttest,2,1
Exp5,20180307NH_14,Posttest,2,1
Exp5,20181026FO02,Posttest,2,1
Exp5,20181211ES13,Posttest,2,0
Exp5,20190218KM01,Posttest,2,0
Exp5,20190226TT10,Posttest,2,1
Exp5,20190801GA01,Posttest,2,1
Exp5,20190801MU06,Posttest,2,1
Exp5,20190805JM02,Posttest,2,1
Exp5,20190806EI09,Posttest,2,1
Exp5,20190808XN13,Posttest,2,0
Exp5,20190820MK10,Posttest,2,0
Exp5,20190821HT05,Posttest,2,0
Exp5,20190821MH09,Posttest,2,1
Exp5,20190827EM06,Posttest,2,1
Exp5,20190830RF05b,Posttest,2,0
Exp5,20190903SS14c,Posttest,2,1
Exp5,20190913SM14,Posttest,2,0
Exp5,20200120MK09,Posttest,2,1
Exp5,20180216SO_02,Posttest,3,0
Exp5,20180220CS_06,Posttest,3,0
Exp5,20180224TK_13,Posttest,3,1
Exp5,20180224TO_01a,Posttest,3,1
Exp5,20180306RO_10,Posttest,3,0
Exp5,20180307IN_05,Posttest,3,1
Exp5,20180307NH_14,Posttest,3,1
Exp5,20181026FO02,Posttest,3,1
Exp5,20181211ES13,Posttest,3,0
Exp5,20190218KM01,Posttest,3,0
Exp5,20190226TT10,Posttest,3,1
Exp5,20190801GA01,Posttest,3,1
Exp5,20190801MU06,Posttest,3,1
Exp5,20190805JM02,Posttest,3,1
Exp5,20190806EI09,Posttest,3,1
Exp5,20190808XN13,Posttest,3,0
Exp5,20190820MK10,Posttest,3,0
Exp5,20190821HT05,Posttest,3,0
Exp5,20190821MH09,Posttest,3,1
Exp5,20190827EM06,Posttest,3,1
Exp5,20190830RF05b,Posttest,3,0
Exp5,20190903SS14c,Posttest,3,1
Exp5,20190913SM14,Posttest,3,0
Exp5,20200120MK09,Posttest,3,0
Exp5,20180216SO_02,Posttest,4,0
Exp5,20180220CS_06,Posttest,4,0
Exp5,20180224TK_13,Posttest,4,1
Exp5,20180224TO_01a,Posttest,4,1
Exp5,20180306RO_10,Posttest,4,0
Exp5,20180307IN_05,Posttest,4,0
Exp5,20180307NH_14,Posttest,4,1
Exp5,20181026FO02,Posttest,4,0
Exp5,20181211ES13,Posttest,4,1
Exp5,20190218KM01,Posttest,4,0
Exp5,20190226TT10,Posttest,4,1
Exp5,20190801GA01,Posttest,4,0
Exp5,20190801MU06,Posttest,4,1
Exp5,20190805JM02,Posttest,4,0
Exp5,20190806EI09,Posttest,4,0
Exp5,20190808XN13,Posttest,4,0
Exp5,20190820MK10,Posttest,4,1
Exp5,20190821HT05,Posttest,4,1
Exp5,20190821MH09,Posttest,4,1
Exp5,20190827EM06,Posttest,4,1
Exp5,20190830RF05b,Posttest,4,0
Exp5,20190903SS14c,Posttest,4,1
Exp5,20190913SM14,Posttest,4,0
Exp5,20200120MK09,Posttest,4,1
Exp5,20180216SO_02,Posttest,5,1
Exp5,20180220CS_06,Posttest,5,1
Exp5,20180224TK_13,Posttest,5,1
Exp5,20180224TO_01a,Posttest,5,1
Exp5,20180306RO_10,Posttest,5,1
Exp5,20180307IN_05,Posttest,5,1
Exp5,20180307NH_14,Posttest,5,0
Exp5,20181026FO02,Posttest,5,0
Exp5,20181211ES13,Posttest,5,1
Exp5,20190218KM01,Posttest,5,0
Exp5,20190226TT10,Posttest,5,1
Exp5,20190801GA01,Posttest,5,1
Exp5,20190801MU06,Posttest,5,1
Exp5,20190805JM02,Posttest,5,1
Exp5,20190806EI09,Posttest,5,1
Exp5,20190808XN13,Posttest,5,1
Exp5,20190820MK10,Posttest,5,0
Exp5,20190821HT05,Posttest,5,1
Exp5,20190821MH09,Posttest,5,0
Exp5,20190827EM06,Posttest,5,0
Exp5,20190830RF05b,Posttest,5,0
Exp5,20190903SS14c,Posttest,5,1
Exp5,20190913SM14,Posttest,5,0
Exp5,20200120MK09,Posttest,5,1
Exp5,20180216SO_02,Posttest,6,1
Exp5,20180220CS_06,Posttest,6,0
Exp5,20180224TK_13,Posttest,6,1
Exp5,20180224TO_01a,Posttest,6,1
Exp5,20180306RO_10,Posttest,6,0
Exp5,20180307IN_05,Posttest,6,1
Exp5,20180307NH_14,Posttest,6,1
Exp5,20181026FO02,Posttest,6,1
Exp5,20181211ES13,Posttest,6,1
Exp5,20190218KM01,Posttest,6,1
Exp5,20190226TT10,Posttest,6,1
Exp5,20190801GA01,Posttest,6,1
Exp5,20190801MU06,Posttest,6,1
Exp5,20190805JM02,Posttest,6,1
Exp5,20190806EI09,Posttest,6,0
Exp5,20190808XN13,Posttest,6,1
Exp5,20190820MK10,Posttest,6,0
Exp5,20190821HT05,Posttest,6,0
Exp5,20190821MH09,Posttest,6,0
Exp5,20190827EM06,Posttest,6,1
Exp5,20190830RF05b,Posttest,6,0
Exp5,20190903SS14c,Posttest,6,1
Exp5,20190913SM14,Posttest,6,0
Exp5,20200120MK09,Posttest,6,1
Exp5,20180216SO_02,Posttest,7,1
Exp5,20180220CS_06,Posttest,7,0
Exp5,20180224TK_13,Posttest,7,1
Exp5,20180224TO_01a,Posttest,7,1
Exp5,20180306RO_10,Posttest,7,1
Exp5,20180307IN_05,Posttest,7,1
Exp5,20180307NH_14,Posttest,7,0
Exp5,20181026FO02,Posttest,7,1
Exp5,20181211ES13,Posttest,7,1
Exp5,20190218KM01,Posttest,7,0
Exp5,20190226TT10,Posttest,7,0
Exp5,20190801GA01,Posttest,7,0
Exp5,20190801MU06,Posttest,7,1
Exp5,20190805JM02,Posttest,7,1
Exp5,20190806EI09,Posttest,7,1
Exp5,20190808XN13,Posttest,7,1
Exp5,20190820MK10,Posttest,7,0
Exp5,20190821HT05,Posttest,7,1
Exp5,20190821MH09,Posttest,7,0
Exp5,20190827EM06,Posttest,7,1
Exp5,20190830RF05b,Posttest,7,0
Exp5,20190903SS14c,Posttest,7,1
Exp5,20190913SM14,Posttest,7,0
Exp5,20200120MK09,Posttest,7,1
Exp5,20180216SO_02,Posttest,8,1
Exp5,20180220CS_06,Posttest,8,1
Exp5,20180224TK_13,Posttest,8,1
Exp5,20180224TO_01a,Posttest,8,1
Exp5,20180306RO_10,Posttest,8,1
Exp5,20180307IN_05,Posttest,8,1
Exp5,20180307NH_14,Posttest,8,1
Exp5,20181026FO02,Posttest,8,0
Exp5,20181211ES13,Posttest,8,1
Exp5,20190218KM01,Posttest,8,0
Exp5,20190226TT10,Posttest,8,1
Exp5,20190801GA01,Posttest,8,0
Exp5,20190801MU06,Posttest,8,1
Exp5,20190805JM02,Posttest,8,1
Exp5,20190806EI09,Posttest,8,1
Exp5,20190808XN13,Posttest,8,1
Exp5,20190820MK10,Posttest,8,0
Exp5,20190821HT05,Posttest,8,1
Exp5,20190821MH09,Posttest,8,0
Exp5,20190827EM06,Posttest,8,1
Exp5,20190830RF05b,Posttest,8,0
Exp5,20190903SS14c,Posttest,8,0
Exp5,20190913SM14,Posttest,8,0
Exp5,20200120MK09,Posttest,8,1
Exp5,20180216SO_02,Posttest,9,0
Exp5,20180220CS_06,Posttest,9,1
Exp5,20180224TK_13,Posttest,9,1
Exp5,20180224TO_01a,Posttest,9,1
Exp5,20180306RO_10,Posttest,9,0
Exp5,20180307IN_05,Posttest,9,1
Exp5,20180307NH_14,Posttest,9,1
Exp5,20181026FO02,Posttest,9,1
Exp5,20181211ES13,Posttest,9,0
Exp5,20190218KM01,Posttest,9,1
Exp5,20190226TT10,Posttest,9,1
Exp5,20190801GA01,Posttest,9,0
Exp5,20190801MU06,Posttest,9,1
Exp5,20190805JM02,Posttest,9,1
Exp5,20190806EI09,Posttest,9,1
Exp5,20190808XN13,Posttest,9,1
Exp5,20190820MK10,Posttest,9,1
Exp5,20190821HT05,Posttest,9,0
Exp5,20190821MH09,Posttest,9,0
Exp5,20190827EM06,Posttest,9,1
Exp5,20190830RF05b,Posttest,9,0
Exp5,20190903SS14c,Posttest,9,0
Exp5,20190913SM14,Posttest,9,0
Exp5,20200120MK09,Posttest,9,0
Exp5,20180216SO_02,Posttest,10,0
Exp5,20180220CS_06,Posttest,10,1
Exp5,20180224TK_13,Posttest,10,0
Exp5,20180224TO_01a,Posttest,10,1
Exp5,20180306RO_10,Posttest,10,1
Exp5,20180307IN_05,Posttest,10,1
Exp5,20180307NH_14,Posttest,10,1
Exp5,20181026FO02,Posttest,10,0
Exp5,20181211ES13,Posttest,10,0
Exp5,20190218KM01,Posttest,10,0
Exp5,20190226TT10,Posttest,10,1
Exp5,20190801GA01,Posttest,10,0
Exp5,20190801MU06,Posttest,10,1
Exp5,20190805JM02,Posttest,10,1
Exp5,20190806EI09,Posttest,10,1
Exp5,20190808XN13,Posttest,10,1
Exp5,20190820MK10,Posttest,10,0
Exp5,20190821HT05,Posttest,10,0
Exp5,20190821MH09,Posttest,10,0
Exp5,20190827EM06,Posttest,10,1
Exp5,20190830RF05b,Posttest,10,0
Exp5,20190903SS14c,Posttest,10,0
Exp5,20190913SM14,Posttest,10,1
Exp5,20200120MK09,Posttest,10,0
